id,time,x_true,y_true,z_true,x_measure,y_measure,z_measure,r_true,fi_true,psi_true,r_measure,fi_measure,psi_measure,v_x_true_extr,v_y_true_extr,v_z_true_extr,v_r_true_extr,v_fi_true_extr,v_psi_true_extr,v_x_measure_extr,v_y_measure_extr,v_z_measure_extr,v_r_measure_extr,v_fi_measure_extr,v_psi_measure_extr,x_err,y_err,z_err
0,0,0.0,0.0,0.0,0.9708292103260519,-10.825707042375559,-9.914598786043161,0.0,,,14.711822164883948,-1.4813574412783281,-0.8312937239205074,,,,,,,,,,,,,7.0,7.0,7.0
0,1,0.25,0.4,0.05,2.3787462960806565,3.0041536606388477,-2.0892105888781725,0.47434164902525694,1.0121970114513341,1.4651908866153074,4.364421386911204,0.9010636731812145,-1.0716327853925323,0.25,0.4,0.05,0.47434164902525694,,,1.4079170857546046,13.829860703014406,7.825388197164989,-10.347400777972744,2.3824211144595426,-0.24033906147202488,7.0,7.0,7.0
0,2,0.5,0.8,0.1,-11.381162503877189,-13.491165716214361,-0.9428992043944825,0.9486832980505139,1.0121970114513341,1.4651908866153074,17.675731137117516,0.8700288924662108,-1.517426711794784,0.25,0.4,0.05,0.47434164902525694,0.0,0.0,-13.759908799957845,-16.49531937685321,1.14631138448369,13.311309750206313,-0.03103478071500365,-0.4457939264022517,7.0,7.0,7.0
0,3,0.75,1.2000000000000002,0.15000000000000002,-4.1773724902984455,1.7068113203392166,9.924874723493872,1.4230249470757708,1.0121970114513343,1.4651908866153074,10.90260446329169,-0.3878851749471049,0.42673628952172,0.25,0.40000000000000013,0.05000000000000002,0.4743416490252569,2.220446049250313e-16,0.0,7.203790013578743,15.197977036553578,10.867773927888354,-6.773126673825827,-1.2579140674133158,1.9441630013165039,7.0,7.0,7.0
0,4,1.0,1.6,0.2,-5.285148165317582,13.280972740424774,2.344078603544716,1.8973665961010278,1.0121970114513341,1.4651908866153074,14.484879445851867,-1.1920594102728286,1.4082521708240006,0.25,0.3999999999999999,0.04999999999999999,0.474341649025257,-2.220446049250313e-16,0.0,-1.1077756750191368,11.574161420085558,-7.580796119949156,3.582274982560177,-0.8041742353257237,0.9815158813022806,7.0,7.0,7.0
0,5,1.25,2.0,0.25,0.9888024350951143,-12.497599379832774,3.013420726921975,2.3717082451262845,1.0121970114513341,1.4651908866153074,12.893735881888132,-1.4918414123934391,1.3349026619470683,0.25,0.3999999999999999,0.04999999999999999,0.4743416490252568,0.0,0.0,6.273950600412697,-25.77857212025755,0.669342123377259,-1.591143563963735,-0.29978200212061057,-0.07334950887693226,7.0,7.0,7.0
0,6,1.5,2.4000000000000004,0.30000000000000004,-6.474938288142715,-10.99117419154147,-3.021341730377639,2.8460498941515415,1.0121970114513343,1.4651908866153074,13.109509594023153,1.0384275481554106,-1.338236213313251,0.25,0.40000000000000036,0.050000000000000044,0.474341649025257,2.220446049250313e-16,0.0,-7.463740723237829,1.5064251882913045,-6.034762457299614,0.2157737121350216,2.5302689605488498,-2.673138875260319,7.0,7.0,7.0
0,7,1.75,2.8000000000000003,0.35000000000000003,-11.21073791146792,-7.0528907160948275,-8.174012345820577,3.3203915431767985,1.0121970114513341,1.4651908866153074,15.564009438522836,0.5615559703236099,-1.0178617161998695,0.25,0.3999999999999999,0.04999999999999999,0.474341649025257,-2.220446049250313e-16,0.0,-4.735799623325205,3.9382834754466423,-5.152670615442938,2.454499844499683,-0.4768715778318007,0.3203744971133815,7.0,7.0,7.0
0,8,2.0,3.2,0.4,0.4399496221576529,-10.423471301208835,-19.799801406118334,3.7947331922020555,1.0121970114513341,1.4651908866153074,22.380224426016966,-1.5286137722109001,-0.48494464828881717,0.25,0.3999999999999999,0.04999999999999999,0.474341649025257,0.0,0.0,11.650687533625572,-3.3705805851140074,-11.625789060297757,6.81621498749413,-2.09016974253451,0.5329170679110524,7.0,7.0,7.0
0,9,2.25,3.6,0.45,1.8529711085207694,-8.347169489142903,-9.586371844049761,4.2690748412273125,1.0121970114513341,1.4651908866153074,12.845515386386056,-1.3523506321820213,-0.7283381572125085,0.25,0.3999999999999999,0.04999999999999999,0.474341649025257,0.0,0.0,1.4130214863631165,2.076301812065932,10.213429562068573,-9.53470903963091,0.17626314002887877,-0.24339350892369133,7.0,7.0,7.0
0,10,2.5,4.0,0.5,-8.45468149444201,-6.797206749828359,-4.06353310156422,4.743416490252569,1.0121970114513341,1.4651908866153074,11.584297995126011,0.6771495524432868,-1.212393067669015,0.25,0.3999999999999999,0.04999999999999999,0.47434164902525655,0.0,0.0,-10.30765260296278,1.5499627393145445,5.522838742485542,-1.261217391260045,2.029500184625308,-0.4840549104565064,7.0,7.0,7.0
0,11,2.75,4.4,0.55,-8.647026281844173,-0.49991491566043234,-5.188404324271862,5.217758139277826,1.0121970114513341,1.4651908866153074,10.096559704866138,0.05774922401758371,-1.0310965815145094,0.25,0.40000000000000036,0.050000000000000044,0.47434164902525655,0.0,0.0,-0.19234478740216332,6.297291834167926,-1.1248712227076423,-1.4877382902598733,-0.619400328425703,0.18129648615450544,7.0,7.0,7.0
0,12,3.0,4.800000000000001,0.6000000000000001,7.118632290448293,-1.723184417481047,-6.538113648084304,5.692099788303083,1.0121970114513343,1.4651908866153074,9.817903049965855,-0.23749828198737014,-0.8420459991337671,0.25,0.40000000000000036,0.050000000000000044,0.47434164902525744,2.220446049250313e-16,0.0,15.765658572292466,-1.2232695018206146,-1.3497093238124416,-0.27865665490028313,-0.29524750600495386,0.18905058238074235,7.0,7.0,7.0
0,13,3.25,5.2,0.65,-0.0890669772282231,-3.4133957930036347,-2.216889239021775,6.1664414373283405,1.0121970114513341,1.4651908866153074,4.0710934236661815,1.5447088828747533,-0.9949510613707914,0.25,0.39999999999999947,0.04999999999999993,0.47434164902525744,-2.220446049250313e-16,0.0,-7.2076992676765155,-1.6902113755225878,4.321224409062529,-5.746809626299673,1.7822071648621234,-0.15290506223702427,7.0,7.0,7.0
0,14,3.5,5.6000000000000005,0.7000000000000001,-12.14577434601356,8.829458178260662,-19.277840856734592,6.640783086353597,1.0121970114513341,1.4651908866153074,24.435922619854583,-0.6285898872026303,-0.6617566598312067,0.25,0.40000000000000036,0.050000000000000044,0.47434164902525655,0.0,0.0,-12.056707368785338,12.242853971264296,-17.060951617712817,20.364829196188403,-2.1732987700773836,0.3331944015395847,7.0,7.0,7.0
0,15,3.75,6.0,0.75,5.10079753902149,7.075568991505564,-0.5939036547468532,7.115124735378854,1.0121970114513341,1.4651908866153074,8.742684578478423,0.9461789512216816,-1.5028124734802446,0.25,0.39999999999999947,0.04999999999999993,0.47434164902525655,0.0,0.0,17.24657188503505,-1.7538891867550976,18.68393720198774,-15.69323804137616,1.574768838424312,-0.8410558136490379,7.0,7.0,7.0
0,16,4.0,6.4,0.8,-3.852825157445687,-2.236894820527114,-5.418913195036967,7.589466384404111,1.0121970114513341,1.4651908866153074,7.01516787734215,0.5260218772149807,-0.6880958683133479,0.25,0.40000000000000036,0.050000000000000044,0.47434164902525744,0.0,0.0,-8.953622696467177,-9.312463812032679,-4.825009540290114,-1.727516701136273,-0.4201570740067009,0.8147166051668967,7.0,7.0,7.0
0,17,4.25,6.800000000000001,0.8500000000000001,-5.153401375873818,-10.506000778289554,-0.5662912226790913,8.063808033429368,1.0121970114513341,1.4651908866153074,11.715557342404255,1.1147616018303417,-1.5224407978664738,0.25,0.40000000000000036,0.050000000000000044,0.47434164902525655,0.0,0.0,-1.300576218428131,-8.26910595776244,4.852621972357875,4.700389465062105,0.588739724615361,-0.8343449295531259,7.0,7.0,7.0
0,18,4.5,7.2,0.9,1.4095805137473336,6.52146368072019,3.541911735155431,8.538149682454625,1.0121970114513341,1.4651908866153074,7.553909219954955,1.357926197441524,1.0827687904963246,0.25,0.39999999999999947,0.04999999999999993,0.47434164902525744,0.0,0.0,6.562981889621152,17.027464459009742,4.108202957834522,-4.1616481224493,0.2431645956111823,2.6052095883627984,7.0,7.0,7.0
0,19,4.75,7.6000000000000005,0.9500000000000001,-1.5819615257337674,1.6601726907113008,-3.3075396667318344,9.01249133147988,1.0121970114513341,1.4651908866153074,4.024747728602383,-0.8095168437925263,-0.6062324667320582,0.25,0.40000000000000036,0.050000000000000044,0.47434164902525566,0.0,0.0,-2.991542039481101,-4.861290990008889,-6.849451401887265,-3.5291614913525713,-2.1674430412340504,-1.6890012572283828,7.0,7.0,7.0
0,20,5.0,8.0,1.0,2.48331218775477,-2.817493621707822,-11.758958172797081,9.486832980505138,1.0121970114513341,1.4651908866153074,12.344156797440922,-0.8483583558145327,-0.30914822351610993,0.25,0.39999999999999947,0.04999999999999993,0.47434164902525744,0.0,0.0,4.065273713488537,-4.477666312419123,-8.451418506065247,8.319409068838539,-0.038841512022006364,0.2970842432159483,7.0,7.0,7.0
0,21,5.25,8.4,1.05,-2.3551777049382236,-8.616978379851096,0.35678517525076825,9.961174629530396,1.0121970114513341,1.4651908866153074,8.94016074139263,1.303994269330883,1.5308775871063347,0.25,0.40000000000000036,0.050000000000000044,0.47434164902525744,0.0,0.0,-4.838489892692994,-5.799484758143274,12.11574334804785,-3.4039960560482925,2.152352625145416,1.8400258106224445,7.0,7.0,7.0
0,22,5.5,8.8,1.1,4.157196930743728,-2.5485078499591474,-1.0530044313016602,10.435516278555651,1.0121970114513341,1.4651908866153074,4.988586665041453,-0.5499490775869916,-1.3581138235185972,0.25,0.40000000000000036,0.050000000000000044,0.47434164902525566,0.0,0.0,6.512374635681952,6.068470529891949,-1.4097896065524285,-3.951574076351177,-1.8539433469178745,-2.888991410624932,7.0,7.0,7.0
0,23,5.75,9.200000000000001,1.1500000000000001,12.688823961343832,8.980863980047946,-12.731364843717765,10.90985792758091,1.0121970114513341,1.4651908866153074,20.093526871456604,0.6159267068158898,-0.8845918964738175,0.25,0.40000000000000036,0.050000000000000044,0.4743416490252592,0.0,0.0,8.531627030600104,11.529371830007094,-11.678360412416104,15.10494020641515,1.1658757844028815,0.4735219270447797,7.0,7.0,7.0
0,24,6.0,9.600000000000001,1.2000000000000002,-0.20479324571696456,4.795945361629234,3.656527201523706,11.384199576606166,1.0121970114513343,1.4651908866153074,6.0343370274378145,-1.5281209223215497,0.9198324803938237,0.25,0.40000000000000036,0.050000000000000044,0.47434164902525566,2.220446049250313e-16,0.0,-12.893617207060796,-4.184918618418712,16.387892045241472,-14.059189844018789,-2.1440476291374395,1.8044243768676411,7.0,7.0,7.0
0,25,6.25,10.0,1.25,0.08553096599783849,-6.034232281633404,-14.475224344305449,11.858541225631422,1.0121970114513341,1.4651908866153074,15.682837581025455,-1.5566229846574797,-0.3949968288328446,0.25,0.3999999999999986,0.04999999999999982,0.47434164902525566,-2.220446049250313e-16,0.0,0.29032421171480305,-10.830177643262637,-18.131751545829154,9.64850055358764,-0.02850206233593,-1.3148293092266683,7.0,7.0,7.0
0,26,6.5,10.4,1.3,1.887678829897336,5.82855868616821,-4.671662979360901,12.332882874656681,1.0121970114513341,1.4651908866153074,7.704535204389726,1.2575893710720603,-0.9193309178557946,0.25,0.40000000000000036,0.050000000000000044,0.4743416490252592,0.0,0.0,1.8021478638994974,11.862790967801615,9.803561364944548,-7.978302376635728,2.81421235572954,-0.52433408902295,7.0,7.0,7.0
0,27,6.75,10.8,1.35,-17.344178641593892,26.14033492550312,4.572328998062144,12.807224523681937,1.0121970114513341,1.4651908866153074,31.702426330417044,-0.9849874720551642,1.4260651031792841,0.25,0.40000000000000036,0.050000000000000044,0.47434164902525566,0.0,0.0,-19.231857471491228,20.311776239334908,9.243991977423045,23.99789112602732,-2.2425768431272246,2.3453960210350786,7.0,7.0,7.0
0,28,7.0,11.200000000000001,1.4000000000000001,8.448838070120107,8.281222774067844,-2.889209525566831,13.281566172707194,1.0121970114513341,1.4651908866153074,12.178220192272633,0.7753796888840524,-1.3312684713295444,0.25,0.40000000000000036,0.050000000000000044,0.47434164902525744,0.0,0.0,25.793016711714,-17.859112151435276,-7.461538523628975,-19.52420613814441,1.7603671609392166,-2.7573335745088285,7.0,7.0,7.0
0,29,7.25,11.600000000000001,1.4500000000000002,9.942582151177742,-4.658937012035494,-4.498605996436725,13.755907821732452,1.0121970114513341,1.4651908866153074,11.865837089148362,-0.4382006280632077,-1.1819484922811276,0.25,0.40000000000000036,0.050000000000000044,0.47434164902525744,0.0,0.0,1.4937440810576348,-12.940159786103338,-1.6093964708698936,-0.31238310312427053,-1.21358031694726,0.14931997904841676,7.0,7.0,7.0
0,30,7.5,12.0,1.5,-2.15197062778776,1.477120139244633,5.783151078669688,14.230249470757707,1.0121970114513341,1.4651908866153074,6.344895419732441,-0.6015423820201791,0.4239646190080943,0.25,0.3999999999999986,0.04999999999999982,0.47434164902525566,0.0,0.0,-12.094552778965502,6.136057151280127,10.281757075106412,-5.5209416694159215,-0.16334175395697137,1.605913111289222,7.0,7.0,7.0
0,31,7.75,12.4,1.55,-9.666579802100983,14.26355579635673,-2.7137365227235275,14.704591119782965,1.0121970114513341,1.4651908866153074,17.442939974125117,-0.9751860352096104,-1.4145838448822237,0.25,0.40000000000000036,0.050000000000000044,0.47434164902525744,0.0,0.0,-7.5146091743132235,12.786435657112097,-8.496887601393215,11.098044554392676,-0.3736436531894314,-1.838548463890318,7.0,7.0,7.0
0,32,8.0,12.8,1.6,3.747452053935546,-0.1692266170358927,-5.657862961602397,15.178932768808222,1.0121970114513341,1.4651908866153074,6.7884790518002935,-0.04512712230889823,-0.5854730934869391,0.25,0.40000000000000036,0.050000000000000044,0.47434164902525744,0.0,0.0,13.41403185603653,-14.432782413392623,-2.94412643887887,-10.654460922324823,0.9300589129007122,0.8291107513952846,7.0,7.0,7.0
0,33,8.25,13.200000000000001,1.6500000000000001,-5.893195531760025,19.425395940144227,10.482986050210831,15.65327441783348,1.0121970114513341,1.4651908866153074,22.84663558460727,-1.27624532936162,1.0941053499200102,0.25,0.40000000000000036,0.050000000000000044,0.47434164902525744,0.0,0.0,-9.640647585695572,19.59462255718012,16.14084901181323,16.058156532806976,-1.2311182070527218,1.6795784434069492,7.0,7.0,7.0
0,34,8.5,13.600000000000001,1.7000000000000002,3.6174240549678895,10.047093040035694,-16.294636076848885,16.127616066858735,1.0121970114513341,1.4651908866153074,19.48191469608517,1.225199284816379,-0.5801178097342573,0.25,0.40000000000000036,0.050000000000000044,0.47434164902525566,0.0,0.0,9.510619586727914,-9.378302900108533,-26.777622127059715,-3.3647208885221005,2.5014446141779993,-1.6742231596542676,7.0,7.0,7.0
0,35,8.75,14.0,1.75,11.125577855023508,12.467641338860831,-9.01953134202124,16.60195771588399,1.0121970114513341,1.4651908866153074,18.988746898949508,0.8422203698166847,-1.0758396820323781,0.25,0.3999999999999986,0.04999999999999982,0.47434164902525566,0.0,0.0,7.508153800055618,2.4205482988251372,7.275104734827645,-0.49316779713566206,-0.3829789149996944,-0.4957218722981208,7.0,7.0,7.0
0,36,9.0,14.4,1.8,17.522428864744732,1.4698459087513402,-3.8321295861055162,17.07629936490925,1.0121970114513341,1.4651908866153074,17.996699071780295,0.08368776338696317,-1.35621831458665,0.25,0.40000000000000036,0.050000000000000044,0.4743416490252592,0.0,0.0,6.396851009721225,-10.997795430109491,5.187401755915724,-0.9920478271692126,-0.7585326064297215,-0.28037863255427187,7.0,7.0,7.0
0,37,9.25,14.8,1.85,4.345435449717637,18.95313624177069,2.63734258230576,17.550641013934506,1.0121970114513341,1.4651908866153074,19.622939599948513,1.3454188709650352,1.4359873799376965,0.25,0.40000000000000036,0.050000000000000044,0.47434164902525566,0.0,0.0,-13.176993415027095,17.483290333019347,6.469472168411276,1.6262405281682177,1.261731107578072,2.7922056945243465,7.0,7.0,7.0
0,38,9.5,15.200000000000001,1.9000000000000001,5.209441542955328,22.203561423398703,-4.308030502340064,18.02498266295976,1.0121970114513341,1.4651908866153074,23.20981576577462,1.3403427183622982,-1.3841012320424444,0.25,0.40000000000000036,0.050000000000000044,0.47434164902525566,0.0,0.0,0.8640060932376912,3.250425181628014,-6.945373084645825,3.5868761658261086,-0.005076152602736972,-2.820088611980141,7.0,7.0,7.0
0,39,9.75,15.600000000000001,1.9500000000000002,15.849015934014924,19.875470089529934,0.3567342402317353,18.49932431198502,1.0121970114513341,1.4651908866153074,25.423470980072956,0.8976330407031763,1.5567641772240701,0.25,0.40000000000000036,0.050000000000000044,0.4743416490252592,0.0,0.0,10.639574391059597,-2.3280913338687697,4.6647647425717995,2.213655214298335,-0.44270967765912195,2.9408654092665145,7.0,7.0,7.0
0,40,10.0,16.0,2.0,-1.5945760524419814,18.97454489274424,1.824357712647144,18.973665961010276,1.0121970114513341,1.4651908866153074,19.12862534887134,-1.486955682243215,1.4752779714017472,0.25,0.3999999999999986,0.04999999999999982,0.47434164902525566,0.0,0.0,-17.443591986456905,-0.9009251967856926,1.4676234724154087,-6.294845631201618,-2.3845887229463916,-0.08148620582232291,7.0,7.0,7.0
0,41,10.25,16.400000000000002,2.0500000000000003,16.177450570839767,13.598463680055001,-12.734961408648717,19.448007610035535,1.0121970114513343,1.4651908866153074,24.674022037550163,0.6990005908679054,-1.0284718619051725,0.25,0.40000000000000213,0.050000000000000266,0.4743416490252592,2.220446049250313e-16,0.0,17.772026623281747,-5.37608121268924,-14.55931912129586,5.545396688678824,2.1859562731111204,-2.5037498333069195,7.0,7.0,7.0
0,42,10.5,16.8,2.1,3.6908345213326736,14.515012183926352,-16.13341287067269,19.92234925906079,1.0121970114513341,1.4651908866153074,22.01351514454197,1.321796270779446,-0.7482410303766617,0.25,0.3999999999999986,0.04999999999999982,0.47434164902525566,-2.220446049250313e-16,0.0,-12.486616049507093,0.9165485038713506,-3.3984514620239725,-2.6605068930081934,0.6227956799115405,0.2802308315285108,7.0,7.0,7.0
0,43,10.75,17.2,2.15,6.482915972219157,-6.051430996721685,-18.58598119084239,20.396690908086047,1.0121970114513341,1.4651908866153074,20.593365762722843,-0.7509875429379845,-0.4452041829661352,0.25,0.3999999999999986,0.04999999999999982,0.47434164902525566,0.0,0.0,2.7920814508864833,-20.566443180648037,-2.4525683201697,-1.420149381819126,-2.0727838137174306,0.3030368474105265,7.0,7.0,7.0
0,44,11.0,17.6,2.2,-0.6823459494709123,9.483298813402385,9.74537112336257,20.871032557111302,1.0121970114513341,1.4651908866153074,13.61509495784394,-1.4989677287064502,0.7730602712582781,0.25,0.40000000000000213,0.050000000000000266,0.47434164902525566,0.0,0.0,-7.165261921690069,15.53472981012407,28.33135231420496,-6.978270804878903,-0.7479801857684657,1.2182644542244132,7.0,7.0,7.0
0,45,11.25,18.0,2.25,9.917090266452956,9.078116617361406,2.600322780162611,21.34537420613656,1.0121970114513341,1.4651908866153074,13.693887659551683,0.7412592003152269,1.3797469301069194,0.25,0.3999999999999986,0.04999999999999982,0.4743416490252592,0.0,0.0,10.599436215923868,-0.40518219604097894,-7.145048343199959,0.07879270170774255,2.240226929021677,0.6066866588486413,7.0,7.0,7.0
0,46,11.5,18.400000000000002,2.3000000000000003,10.094154339647279,9.130307547480328,-1.329888997183886,21.81971585516182,1.0121970114513341,1.4651908866153074,13.675637918906268,0.7353036318966193,-1.4733972865373854,0.25,0.40000000000000213,0.050000000000000266,0.4743416490252592,0.0,0.0,0.17706407319432316,0.05219093011892184,-3.9302117773464973,-0.018249740645414292,-0.00595556841860756,-2.8531442166443046,7.0,7.0,7.0
0,47,11.75,18.8,2.35,-2.8643192833957745,13.439900780111294,-9.778925152740364,22.294057504187077,1.0121970114513341,1.4651908866153074,16.866020131594983,-1.3608172529573765,-0.9523126428360188,0.25,0.3999999999999986,0.04999999999999982,0.47434164902525566,0.0,0.0,-12.958473623043053,4.3095932326309665,-8.449036155556477,3.1903822126887142,-2.096120884853996,0.5210846437013666,7.0,7.0,7.0
0,48,12.0,19.200000000000003,2.4000000000000004,13.756628218756711,16.387460559708707,-4.140769450936218,22.768399153212332,1.0121970114513343,1.4651908866153074,21.793110268864986,0.8724528117811892,-1.379630511381491,0.25,0.40000000000000213,0.050000000000000266,0.47434164902525566,2.220446049250313e-16,0.0,16.620947502152486,2.9475597795974124,5.638155701804146,4.927090137270003,2.2332700647385657,-0.42731786854547227,7.0,7.0,7.0
0,49,12.25,19.6,2.45,1.696984500063623,17.909901307072783,0.2908312415631138,23.24274080223759,1.0121970114513341,1.4651908866153074,17.992467980619356,1.4763271690251756,1.5546315678560152,0.25,0.3999999999999986,0.04999999999999982,0.4743416490252592,-2.220446049250313e-16,0.0,-12.059643718693088,1.522440747364076,4.431600692499332,-3.80064228824563,0.6038743572439864,2.9342620792375063,7.0,7.0,7.0
0,50,12.5,20.0,2.5,9.498384375658869,13.155885168797782,-1.620566925174976,23.717082451262844,1.0121970114513341,1.4651908866153074,16.307141303163014,0.9454655767506043,-1.4712542761307372,0.25,0.3999999999999986,0.04999999999999982,0.4743416490252521,0.0,0.0,7.801399875595246,-4.754016138275,-1.9113981667380897,-1.6853266774563416,-0.5308615922745713,-3.025885843986752,7.0,7.0,7.0
0,51,12.75,20.400000000000002,2.5500000000000003,3.7863075229725354,23.89597825872513,-11.145629286303157,24.191424100288106,1.0121970114513341,1.4651908866153074,26.637923225876317,1.4136531571545499,-1.1391000099183985,0.25,0.40000000000000213,0.050000000000000266,0.47434164902526277,0.0,0.0,-5.712076852686334,10.740093089927347,-9.525062361128182,10.330781922713303,0.4681875804039456,0.3321542662123387,7.0,7.0,7.0
0,52,13.0,20.8,2.6,9.173454236684126,15.646400723631821,-0.4440333011336093,24.665765749313362,1.0121970114513341,1.4651908866153074,18.14274741624101,1.0405127158260488,-1.5463194583231867,0.25,0.3999999999999986,0.04999999999999982,0.47434164902525566,0.0,0.0,5.387146713711591,-8.249577535093309,10.701595985169547,-8.495175809635306,-0.3731404413285011,-0.4072194484047882,7.0,7.0,7.0
0,53,13.25,21.200000000000003,2.6500000000000004,6.70470151805315,18.311319109550713,-2.953997330365903,25.140107398338618,1.0121970114513343,1.4651908866153074,19.722665393039303,1.2198064655571592,-1.420453823808019,0.25,0.40000000000000213,0.050000000000000266,0.47434164902525566,2.220446049250313e-16,0.0,-2.4687527186309763,2.6649183859188916,-2.5099640292322936,1.579917976798292,0.17929374973111045,0.12586563451516763,7.0,7.0,7.0
0,54,13.5,21.6,2.7,4.903759765866345,13.210409143258754,0.20312343840901637,25.614449047363873,1.0121970114513341,1.4651908866153074,14.092658681201897,1.215357599790884,1.556382405568227,0.25,0.3999999999999986,0.04999999999999982,0.47434164902525566,-2.220446049250313e-16,0.0,-1.8009417521868043,-5.100909966291958,3.157120768774919,-5.630006711837407,-0.004448865766275123,2.976836229376246,7.0,7.0,7.0
0,55,13.75,22.0,2.75,-0.6605466740529256,32.79918099469671,-10.21420074560907,26.08879069638913,1.0121970114513341,1.4651908866153074,34.35916897573451,-1.550659927856913,-1.2689565692272622,0.25,0.3999999999999986,0.04999999999999982,0.47434164902525566,0.0,0.0,-5.564306439919271,19.588771851437958,-10.417324184018085,20.266510294532615,-2.766017527647797,-2.825338974795489,7.0,7.0,7.0
0,56,14.0,22.400000000000002,2.8000000000000003,2.224769802233425,18.493413191889452,-9.117216658360892,26.563132345414388,1.0121970114513341,1.4651908866153074,20.738359909944034,1.4510710199253394,-1.1156090226595219,0.25,0.40000000000000213,0.050000000000000266,0.4743416490252592,0.0,0.0,2.8853164762863504,-14.30576780280726,1.0969840872481775,-13.620809065790478,3.0017309477822525,0.1533475465677403,7.0,7.0,7.0
0,57,14.25,22.8,2.85,11.683183247338293,15.262550467928193,-0.6545206446462761,27.037473994439644,1.0121970114513341,1.4651908866153074,19.232020560804564,0.9174611538797466,-1.5367568946588364,0.25,0.3999999999999986,0.04999999999999982,0.47434164902525566,0.0,0.0,9.458413445104869,-3.230862723961259,8.462696013714616,-1.5063393491394699,-0.5336098660455928,-0.42114787199931447,7.0,7.0,7.0
0,58,14.5,23.200000000000003,2.9000000000000004,7.372433929070459,6.626624494236438,-10.831709570360935,27.511815643464903,1.0121970114513341,1.4651908866153074,14.683012853047984,0.7321727962666527,-0.7411339540128575,0.25,0.40000000000000213,0.050000000000000266,0.4743416490252592,0.0,0.0,-4.310749318267835,-8.635925973691755,-10.17718892571466,-4.54900770775658,-0.18528835761309392,0.7956229406459788,7.0,7.0,7.0
0,59,14.75,23.6,2.95,9.646291116058872,7.985940459342489,1.4504962693972638,27.98615729249016,1.0121970114513341,1.4651908866153074,12.606748856999374,0.6915093633690201,1.455483821181791,0.25,0.3999999999999986,0.04999999999999982,0.47434164902525566,0.0,0.0,2.2738571869884137,1.3593159651060507,12.282205839758198,-2.07626399604861,-0.04066343289763252,2.1966177751946487,7.0,7.0,7.0
0,60,15.0,24.0,3.0,7.807341295858807,12.017622505725711,1.2914333529192326,28.460498941515414,1.0121970114513341,1.4651908866153074,14.389080196634517,0.9946617590168733,1.4809244622256228,0.25,0.3999999999999986,0.04999999999999982,0.47434164902525566,0.0,0.0,-1.8389498202000656,4.031682046383223,-0.15906291647803128,1.7823313396351423,0.3031523956478531,0.025440641043831702,7.0,7.0,7.0
0,61,15.25,24.400000000000002,3.0500000000000003,19.360378908378852,26.968766476752027,-6.890955266142363,28.934840590540674,1.0121970114513341,1.4651908866153074,33.90610418838413,0.948169885325423,-1.3661341272761973,0.25,0.40000000000000213,0.050000000000000266,0.4743416490252592,0.0,0.0,11.553037612520045,14.951143971026315,-8.182388619061596,19.51702399174961,-0.04649187369145025,-2.8470585895018203,7.0,7.0,7.0
0,62,15.5,24.8,3.1,4.391616897796435,28.416982674720455,-4.710869020777727,29.40918223956593,1.0121970114513341,1.4651908866153074,29.137664461025302,1.4174673274376435,-1.4084072880768645,0.25,0.3999999999999986,0.04999999999999982,0.47434164902525566,0.0,0.0,-14.968762010582417,1.4482161979684278,2.1800862453646364,-4.768439727358825,0.46929744211222046,-0.04227316080066723,7.0,7.0,7.0
0,63,15.75,25.200000000000003,3.1500000000000004,12.839440388529116,34.75644813312526,1.5757143069597381,29.88352388859119,1.0121970114513341,1.4651908866153074,37.0856413170701,1.2169339209638923,1.528295004553941,0.25,0.40000000000000213,0.050000000000000266,0.4743416490252592,0.0,0.0,8.44782349073268,6.339465458404806,6.286583327737465,7.9479768560447965,-0.20053340647375117,2.9367022926308053,7.0,7.0,7.0
0,64,16.0,25.6,3.2,29.160910496343245,11.893009220203275,-3.6382351518099156,30.357865537616444,1.0121970114513341,1.4651908866153074,31.702352031157673,0.38724736386456393,-1.4557806012951886,0.25,0.3999999999999986,0.04999999999999982,0.47434164902525566,0.0,0.0,16.32147010781413,-22.863438912921985,-5.213949458769654,-5.383289285912426,-0.8296865570993284,-2.98407560584913,7.0,7.0,7.0
0,65,16.25,26.0,3.25,17.216516512112282,18.68960213522821,-2.7097711139533365,30.8322071866417,1.0121970114513341,1.4651908866153074,25.554892452815714,0.8264012025641089,-1.464559329184973,0.25,0.3999999999999986,0.04999999999999982,0.47434164902525566,0.0,0.0,-11.944393984230963,6.7965929150249345,0.9284640378565792,-6.147459578341959,0.43915383869954494,-0.008778727889784399,7.0,7.0,7.0
0,66,16.5,26.400000000000002,3.3000000000000003,9.091091803085469,28.331178643242673,8.65673865485307,31.30654883566696,1.0121970114513341,1.4651908866153074,30.987784006377172,1.2602894652186254,1.2876691113990686,0.25,0.40000000000000213,0.050000000000000266,0.4743416490252592,0.0,0.0,-8.125424709026813,9.641576508014463,11.366509768806406,5.432891553561458,0.4338882626545165,2.752228440584042,7.0,7.0,7.0
0,67,16.75,26.8,3.35,16.720511623776808,22.86220398285554,-2.945317779445937,31.78089048469221,1.0121970114513341,1.4651908866153074,28.476846327086,0.9393316484342872,-1.4671825199408028,0.25,0.3999999999999986,0.04999999999999982,0.4743416490252521,0.0,0.0,7.629419820691339,-5.468974660387133,-11.602056434299007,-2.510937679291171,-0.3209578167843382,-2.7548516313398714,7.0,7.0,7.0
0,68,17.0,27.200000000000003,3.4000000000000004,3.3481062254805476,22.20272403140042,9.880803030482399,32.25523213371747,1.0121970114513341,1.4651908866153074,24.531633419705617,1.4211269180983641,1.1562463871407778,0.25,0.40000000000000213,0.050000000000000266,0.4743416490252592,0.0,0.0,-13.37240539829626,-0.6594799514551184,12.826120809928335,-3.945212907380384,0.48179526966407693,2.6234289070815806,7.0,7.0,7.0
0,69,17.25,27.6,3.45,13.54468617994564,17.309221522465347,10.996632965215369,32.729573782742726,1.0121970114513341,1.4651908866153074,24.576281451811408,0.9068096814736509,1.1068854917722866,0.25,0.3999999999999986,0.04999999999999982,0.47434164902525566,0.0,0.0,10.196579954465092,-4.893502508935075,1.1158299347329699,0.04464803210579049,-0.5143172366247132,-0.0493608953684912,7.0,7.0,7.0
0,70,17.5,28.0,3.5,-5.457893600870868,23.19024049605258,4.725657015628556,33.20391543176798,1.0121970114513341,1.4651908866153074,24.288015379041237,-1.339649828914939,1.3749798818802714,0.25,0.3999999999999986,0.04999999999999982,0.47434164902525566,0.0,0.0,-19.002579780816507,5.881018973587235,-6.270975949586813,-0.28826607277017047,-2.24645951038859,0.26809439010798486,7.0,7.0,7.0
0,71,17.75,28.400000000000002,3.5500000000000003,16.476671398043898,14.289412711473656,9.029779065778873,33.678257080793244,1.0121970114513341,1.4651908866153074,23.60518853927503,0.7144243977163773,1.1782593567315467,0.25,0.40000000000000213,0.050000000000000266,0.47434164902526277,0.0,0.0,21.934564998914766,-8.900827784578926,4.304122050150317,-0.6828268397662072,2.0540742266313163,-0.19672052514872473,7.0,7.0,7.0
0,72,18.0,28.8,3.6,23.554454938662445,37.54836137497077,2.420812176359336,34.1525987298185,1.0121970114513341,1.4651908866153074,44.390901331197206,1.0105377580984622,1.5162352881639187,0.25,0.3999999999999986,0.04999999999999982,0.47434164902525566,0.0,0.0,7.077783540618547,23.25894866349711,-6.608966889419538,20.785712791922176,0.2961133603820849,0.33797593143237203,7.0,7.0,7.0
0,73,18.25,29.200000000000003,3.6500000000000004,18.038415294226148,27.15060118289346,-5.452805613268602,34.626940378843756,1.0121970114513341,1.4651908866153074,33.049548559331356,0.9843759447144437,-1.4050496632687823,0.25,0.40000000000000213,0.050000000000000266,0.47434164902525566,0.0,0.0,-5.516039644436297,-10.397760192077307,-7.873617789627938,-11.34135277186585,-0.026161813384018573,-2.921284951432701,7.0,7.0,7.0
0,74,18.5,29.6,3.7,17.112470483624378,20.532354889539427,4.064821964285275,35.10128202786901,1.0121970114513341,1.4651908866153074,27.0358469622138,0.8759955449747875,1.4198746987509023,0.25,0.3999999999999986,0.04999999999999982,0.47434164902525566,0.0,0.0,-0.92594481060177,-6.618246293354034,9.517627577553878,-6.0137015971175565,-0.10838039973965619,2.8249243620196847,7.0,7.0,7.0
0,75,18.75,30.0,3.75,16.727218855440356,20.349671512773334,-1.8325694701479618,35.57562367689427,1.0121970114513341,1.4651908866153074,26.405819286257646,0.8827901545613734,-1.5013402834443765,0.25,0.3999999999999986,0.04999999999999982,0.47434164902525566,0.0,0.0,-0.38525162818402237,-0.18268337676609292,-5.897391434433237,-0.6300276759561534,0.0067946095865859535,-2.921214982195279,7.0,7.0,7.0
0,76,19.0,30.400000000000002,3.8000000000000003,14.25870415522645,16.654218640907533,-6.620734797896763,36.04996532591952,1.0121970114513341,1.4651908866153074,22.902134660103307,0.8627359367890848,-1.2775221894417021,0.25,0.40000000000000213,0.050000000000000266,0.47434164902525566,0.0,0.0,-2.4685147002139054,-3.6954528718658004,-4.788165327748801,-3.503684626154339,-0.020054217772288663,0.22381809400267438,7.0,7.0,7.0
0,77,19.25,30.8,3.85,24.145203141628237,24.348406121642242,9.577974223522423,36.524306974944786,1.0121970114513341,1.4651908866153074,35.60299573970398,0.7895884431846263,1.298419308958364,0.25,0.3999999999999986,0.04999999999999982,0.47434164902526277,0.0,0.0,9.886498986401786,7.694187480734708,16.198709021419184,12.70086107960067,-0.07314749360445849,2.5759414984000664,7.0,7.0,7.0
0,78,19.5,31.200000000000003,3.9000000000000004,19.09447781002084,35.77732653360562,-5.524883360798057,36.99864862397004,1.0121970114513341,1.4651908866153074,40.92848046141027,1.080550995974289,-1.4353942442996601,0.25,0.40000000000000213,0.050000000000000266,0.47434164902525566,0.0,0.0,-5.050725331607396,11.428920411963375,-15.10285758432048,5.325484721706289,0.29096255278966265,-2.733813553258024,7.0,7.0,7.0
0,79,19.75,31.6,3.95,5.519972843364219,33.8224052137533,-2.7899641834381645,37.4729902729953,1.0121970114513341,1.4651908866153074,34.38326765709845,1.4090180051004337,-1.4895639398228748,0.25,0.3999999999999986,0.04999999999999982,0.47434164902525566,0.0,0.0,-13.574504966656622,-1.9549213198523177,2.7349191773598927,-6.5452128043118165,0.3284670091261448,-0.05416969552321471,7.0,7.0,7.0
0,80,20.0,32.0,4.0,8.315624289759636,15.628049807905398,4.443246120558554,37.94733192202055,1.0121970114513341,1.4651908866153074,18.25179399989686,1.0818027424624517,1.3248836863513438,0.25,0.3999999999999986,0.04999999999999982,0.47434164902525566,0.0,0.0,2.795651446395418,-18.1943554058479,7.233210303996718,-16.13147365720159,-0.32721526263798206,2.8144476261742186,7.0,7.0,7.0
0,81,20.25,32.4,4.05,15.888721876128312,27.634830199019078,2.2900491299503267,38.42167357104581,1.0121970114513341,1.4651908866153074,31.95903077383858,1.0489975503336795,1.4990790892858783,0.25,0.3999999999999986,0.04999999999999982,0.47434164902525566,0.0,0.0,7.573097586368675,12.00678039111368,-2.153196990608227,13.70723677394172,-0.0328051921287722,0.1741954029345345,7.0,7.0,7.0
0,82,20.5,32.800000000000004,4.1000000000000005,19.081622284452127,28.180379271313996,0.14114247024584792,38.89601522007107,1.0121970114513343,1.4651908866153074,34.033248538429454,0.9755886585657373,1.5666491213149512,0.25,0.4000000000000057,0.05000000000000071,0.47434164902526277,2.220446049250313e-16,0.0,3.1929004083238155,0.5455490722949179,-2.148906659704479,2.0742177645908733,-0.07340889176794219,0.06757003202907286,7.0,7.0,7.0
0,83,20.75,33.2,4.15,25.407567369795114,13.931486996380016,1.6684740656345296,39.37035686909633,1.0121970114513341,1.4651908866153074,29.024379671039963,0.501552760929687,1.5132793572259255,0.25,0.3999999999999986,0.04999999999999982,0.47434164902525566,-2.220446049250313e-16,0.0,6.325945085342987,-14.24889227493398,1.5273315953886817,-5.008868867389491,-0.47403589763605025,-0.053369764089025606,7.0,7.0,7.0
0,84,21.0,33.6,4.2,7.742592227231771,20.120371422710328,3.605664644844576,39.84469851812158,1.0121970114513341,1.4651908866153074,21.858131167052925,1.2034498467080008,1.4050813144378471,0.25,0.3999999999999986,0.04999999999999982,0.47434164902525566,0.0,0.0,-17.664975142563343,6.188884426330311,1.9371905792100463,-7.166248503987038,0.7018970857783138,-0.10819804278807843,7.0,7.0,7.0
0,85,21.25,34.0,4.25,15.384973030856564,39.4919078621737,-1.8497409914965157,40.31904016714684,1.0121970114513341,1.4651908866153074,42.423221512400765,1.1993111097356366,-1.5271804124231054,0.25,0.3999999999999986,0.04999999999999982,0.47434164902525566,0.0,0.0,7.642380803624793,19.37153643946337,-5.455405636341092,20.56509034534784,-0.004138736972364221,-2.9322617268609523,7.0,7.0,7.0
0,86,21.5,34.4,4.3,12.778243393891712,32.279682642831965,-10.689797918520497,40.793381816172094,1.0121970114513341,1.4651908866153074,36.32537949277735,1.1938637820431923,-1.2720952561141543,0.25,0.3999999999999986,0.04999999999999982,0.47434164902525566,0.0,0.0,-2.606729636964852,-7.212225219341732,-8.840056927023982,-6.097842019623414,-0.00544732769244427,0.2550851563089511,7.0,7.0,7.0
0,87,21.75,34.800000000000004,4.3500000000000005,15.294936196788163,29.805576424354594,-9.074248022922081,41.26772346519735,1.0121970114513341,1.4651908866153074,34.70806010760856,1.0966787103413569,-1.3062773786387059,0.25,0.4000000000000057,0.05000000000000071,0.47434164902525566,0.0,0.0,2.5166928028964506,-2.4741062184773703,1.6155498955984164,-1.6173193851687913,-0.09718507170183543,-0.03418212252455155,7.0,7.0,7.0
0,88,22.0,35.2,4.4,15.328029060851232,25.16410446555026,-10.759644902678337,41.742065114222605,1.0121970114513341,1.4651908866153074,31.367986656385174,1.0236958950111277,-1.220673096388387,0.25,0.3999999999999986,0.04999999999999982,0.47434164902525566,0.0,0.0,0.03309286406306988,-4.641471958804335,-1.6853968797562562,-3.340073451223386,-0.07298281533022921,0.08560428225031891,7.0,7.0,7.0
0,89,22.25,35.6,4.45,12.524315690146874,39.83133067979788,-4.478880582541984,42.21640676324787,1.0121970114513341,1.4651908866153074,41.99349662153104,1.26615069816508,-1.4639365418381336,0.25,0.3999999999999986,0.04999999999999982,0.47434164902526277,0.0,0.0,-2.803713370704358,14.66722621424762,6.280764320136353,10.625509965145863,0.2424548031539524,-0.24326344544974665,7.0,7.0,7.0
0,90,22.5,36.0,4.5,14.967930134589807,28.24739006429182,3.121346997584848,42.69074841227312,1.0121970114513341,1.4651908866153074,32.120037126964,1.0835258226036888,1.4734651590406547,0.25,0.3999999999999986,0.04999999999999982,0.47434164902525566,0.0,0.0,2.4436144444429324,-11.583940615506059,7.600227580126832,-9.873459494567037,-0.1826248755613913,2.9374017008787883,7.0,7.0,7.0
0,91,22.75,36.4,4.55,22.948992625316095,28.591887081793235,0.29291140225181067,43.16509006129838,1.0121970114513341,1.4651908866153074,36.66385231402173,0.8944476922041361,1.5628071358141635,0.25,0.3999999999999986,0.04999999999999982,0.47434164902525566,0.0,0.0,7.981062490726288,0.34449701750141415,-2.8284355953330373,4.5438151870577315,-0.18907813039955268,0.08934197677350886,7.0,7.0,7.0
0,92,23.0,36.800000000000004,4.6000000000000005,32.18163310216323,23.639759401622715,2.102102289390876,43.63943171032364,1.0121970114513341,1.4651908866153074,39.9864297946681,0.6335545128531689,1.518201690294604,0.25,0.4000000000000057,0.05000000000000071,0.47434164902526277,0.0,0.0,9.232640476847138,-4.95212768017052,1.8091908871390654,3.322577480646366,-0.26089317935096723,-0.04460544551955947,7.0,7.0,7.0
0,93,23.25,37.2,4.65,29.12003771762825,30.97221860157318,2.56095569329277,44.11377335934889,1.0121970114513341,1.4651908866153074,42.588888408160365,0.8162106973108779,1.510628014160199,0.25,0.3999999999999986,0.04999999999999982,0.47434164902524856,0.0,0.0,-3.061595384534982,7.332459199950463,0.4588534039018941,2.602458613492267,0.18265618445770904,-0.007573676134404961,7.0,7.0,7.0
0,94,23.5,37.6,4.7,25.94326798284942,25.55401613019847,3.220800289479571,44.58811500837415,1.0121970114513341,1.4651908866153074,36.55727627322767,0.7778396203311514,1.4825790977701105,0.25,0.3999999999999986,0.04999999999999982,0.47434164902526277,0.0,0.0,-3.17676973477883,-5.418202471374709,0.6598445961868009,-6.031612134932693,-0.038371076979726526,-0.028048916390088552,7.0,7.0,7.0
0,95,23.75,38.0,4.75,18.436708406625776,44.56363029367299,6.181172511742441,45.06245665739941,1.0121970114513341,1.4651908866153074,48.62135596054511,1.1785216032070949,1.4433226192545836,0.25,0.3999999999999986,0.04999999999999982,0.47434164902525566,0.0,0.0,-7.506559576223644,19.009614163474524,2.9603722222628703,12.064079687317438,0.4006819828759435,-0.03925647851552694,7.0,7.0,7.0
0,96,24.0,38.400000000000006,4.800000000000001,19.144698017821305,41.86846629474,-5.5637525404544395,45.536798306424664,1.0121970114513343,1.4651908866153074,46.37287218189924,1.1419229283426637,-1.4505279945302556,0.25,0.4000000000000057,0.05000000000000071,0.47434164902525566,2.220446049250313e-16,0.0,0.7079896111955293,-2.6951639989329905,-11.74492505219688,-2.24848377864587,-0.036598674864431135,-2.8938506137848394,7.0,7.0,7.0
0,97,24.25,38.800000000000004,4.8500000000000005,17.597187938618855,43.42062217839385,-1.4168518747335446,46.01113995544993,1.0121970114513341,1.4651908866153074,46.87236843750097,1.185752895047197,-1.540563851258314,0.25,0.3999999999999986,0.04999999999999982,0.47434164902526277,-2.220446049250313e-16,0.0,-1.5475100792024499,1.552155883653846,4.146900665720895,0.49949625560172706,0.04382996670453321,-0.09003585672805836,7.0,7.0,7.0
0,98,24.5,39.2,4.9,29.209579099999523,30.835645404114395,4.212682551745816,46.48548160447518,1.0121970114513341,1.4651908866153074,42.68235271126925,0.8124722395273877,1.4719369153014759,0.25,0.3999999999999986,0.04999999999999982,0.47434164902525566,0.0,0.0,11.612391161380668,-12.584976774279454,5.629534426479361,-4.190015726231714,-0.37328065551980927,3.01250076655979,7.0,7.0,7.0
0,99,24.75,39.6,4.95,17.752098521852105,36.87060100211842,-6.150982124600588,46.95982325350043,1.0121970114513341,1.4651908866153074,41.38130980628954,1.1220820776936813,-1.4216019043623693,0.25,0.3999999999999986,0.04999999999999982,0.47434164902524856,0.0,0.0,-11.457480578147418,6.034955598004025,-10.363664676346403,-1.3010429049797096,0.3096098381662936,-2.893538819663845,7.0,7.0,7.0
0,100,25.0,40.0,5.0,20.658504469620542,40.07280926409316,0.24439583093769102,47.43416490252569,1.0121970114513341,1.4651908866153074,45.08507046196004,1.0948065986221411,1.5653755295028453,0.25,0.3999999999999986,0.04999999999999982,0.47434164902525566,0.0,0.0,2.9064059477684374,3.2022082619747394,6.395377955538279,3.7037606556705,-0.027275479071540154,2.9869774338652144,7.0,7.0,7.0
0,101,25.00000000000091,40.00000000000091,5.0,23.132464537184944,25.058647979430678,7.654703890869177,47.43416490252694,1.0121970114513281,1.4651908866153103,34.951984861779046,0.8253465809098219,1.3500004257934848,9.094947017729282e-13,9.094947017729282e-13,0.0,1.2505552149377763e-12,-5.995204332975845e-15,2.886579864025407e-15,2.473960067564402,-15.014161284662482,7.410308059931486,-10.133085600180998,-0.2694600177123192,-0.21537510370936053,7.0,7.0,7.0
0,102,25.159004769948297,40.254396311140226,-5.0,27.11560656509632,38.50499716909573,-6.684635271884465,47.73250405529361,1.0121968850554681,-1.4658533865099266,47.56653524383805,0.9572504003689487,-1.429797282879588,0.1590047699473871,0.2543963111393168,-10.0,0.29833915276667256,-1.2639586000062764e-07,-2.931044273125237,3.983142027911377,13.446349189665053,-14.339339162753642,12.614550382059,0.13190381945912677,-2.7797977086730725,7.0,7.0,7.0
0,103,25.31801971562345,40.50878626188705,-15.0,27.26705320831188,28.81931617415023,-6.456018178968373,50.06959043902743,1.0121965090429619,-1.2665407380150229,40.196086204227875,0.8130673962647033,-1.4094845367121276,0.15901494567515329,0.2543899507468268,-10.0,2.337086383733819,-3.76012506242418e-07,0.1993126484949037,0.15144664321555723,-9.6856809949455,0.22861709291609245,-7.370449039610172,-0.14418300410424545,0.02031274616746037,7.0,7.0,7.0
0,104,25.477044836767163,40.76316985183075,-25.0,29.26355823960909,23.885639344198495,-18.606205015717045,54.18224644645004,1.01219588808736,-1.0912172826589799,42.107843364520704,0.6845560588514878,-1.1131138531353695,0.15902512114371348,0.2543835899436999,-10.0,4.112656007422608,-6.209556018266227e-07,0.175323455356043,1.996505031297211,-4.933676829951736,-12.150186836748672,1.9117571602928294,-0.1285113374132154,0.2963706835767581,7.0,7.0,7.0
0,105,25.636080133128416,41.01754708056842,-35.0,17.914271745762886,38.56068316496502,-46.43842553402284,59.70467128373481,1.0121950267462094,-0.9444126943925351,62.96328123921783,1.1358893819777156,-0.74136460309455,0.15903529636125313,0.2543772287376669,-10.0,5.522424837284774,-8.613411506264157e-07,0.14680458826644482,-11.349286493846204,14.675043820766525,-27.832220518305796,20.855437874697124,0.45133332312622776,0.3717492500408195,7.0,7.0,7.0
0,106,25.79512560445073,41.27191794768851,-45.0,16.062425199573767,31.801114451371262,-61.3918682805575,66.28544120717703,1.0121939294646873,-0.8245572676879322,70.98079933769722,1.1030850063603228,-0.5258290775065714,0.15904547132231528,0.2543708671200875,-10.0,6.580769923442219,-1.0972815220888776e-06,0.11985542670460281,-1.851846546189119,-6.759568713593758,-14.953442746534662,8.017518098479393,-0.0328043756173928,0.21553552558797862,7.0,7.0,7.0
0,107,25.95418125048036,41.526282452784926,-55.0,37.37729956002305,30.11354743635616,-65.26506007738745,73.64137192320129,1.0121926005790547,-0.7274646051587773,81.01491423501209,0.6781851160638543,-0.6341203871785117,0.1590556460296284,0.2543645050964187,-10.0,7.355930716024261,-1.328885632645438e-06,0.09709266252915494,21.31487436044928,-1.6875670150151016,-3.8731917968299427,10.034114897314865,-0.42489989029646846,-0.10829130967194034,7.0,7.0,7.0
0,108,26.113247070963553,41.78064059545568,-65.0,26.80870209295996,42.60845694862873,-70.11779599535774,81.5630038752609,1.012191044320003,-0.6486005569482514,86.3173935351319,1.0091915489460204,-0.6226682340697136,0.1590658204831925,0.2543581426707533,-10.0,7.921631952059613,-1.5562590516271513e-06,0.07886404821052595,-10.568597467063086,12.494909512272567,-4.852735917970293,5.302479300119813,0.331006432882166,0.011452153108798102,7.0,7.0,7.0
0,109,26.27232306564474,42.03499237528695,-75.0,21.654665695251246,35.142506522308665,-79.4272829453363,89.90092070304976,1.012189264815712,-0.5840219869190786,89.51320342341742,1.018553171354878,-0.4792852054010709,0.1590759946811886,0.2543517798312678,-10.0,8.33791682778886,-1.7795042910329073e-06,0.06457857002917278,-5.154036397708715,-7.465950426320063,-9.309486949978563,3.195809888285524,0.00936162240885774,0.14338302866864272,7.0,7.0,7.0
0,110,26.431409234271996,42.28933779187855,-85.0,31.958581767641334,30.985906564712838,-87.9213237396105,98.54951793380405,1.012187266095109,-0.5305862348536186,98.54763580300407,0.7699464881619241,-0.46866785578554754,0.15908616862725466,0.2543454165916046,-10.0,8.64859723075429,-1.9987206030247506e-06,0.05343575206546003,10.303916072390088,-4.156599957595827,-8.494040794274198,9.034432379586647,-0.24860668319295398,0.010617349615523353,7.0,7.0,7.0
0,111,26.5905055765852,42.54367684481622,-95.0,25.523996692418727,51.77384180797961,-82.19737773984254,107.4337908960424,1.0121850520907436,-0.4858774197845581,100.44109721632206,1.1127722656545613,-0.6122378125774979,0.15909634231320524,0.25433905293766657,-10.0,8.884272962238342,-2.214004365397315e-06,0.04470881506906044,-6.434585075222607,20.78793524326677,5.723945999767963,1.8934614133179934,0.3428257774926372,-0.14356995679195034,7.0,7.0,7.0
0,112,26.749612092336065,42.79800953369977,-105.0,32.33281034165211,47.64633673244972,-110.73347395875662,116.4998341936035,1.0121826266416127,-0.4480609328058912,124.80980043083902,0.9745775328385975,-0.47951717224300583,0.15910651575086376,0.2543326888835509,-10.0,9.066043297561109,-2.4254491308717263e-06,0.03781648697866691,6.808813649233386,-4.127505075529889,-28.536096218914082,24.368703214516955,-0.13819473281596384,0.13272064033449205,7.0,7.0,7.0
0,113,26.90872878126629,43.05233585811675,-115.0,21.39784262891522,31.069512553011634,-118.66971772511319,125.70832632512388,1.0121799934960125,-0.41574400126814826,124.52182212131179,0.9676887031135201,-0.3077967349258899,0.1591166889302258,0.25432632441697933,-10.0,9.208492131520373,-2.633145600228204e-06,0.032316931537742954,-10.934967712736892,-16.576824179438084,-7.936243766356569,-0.287978309527233,-0.006888829725077428,0.17172043731711595,7.0,7.0,7.0
0,114,27.06785564312031,43.306655817662886,-125.0,22.47315318203149,30.655823650959825,-136.65310347633397,135.03012718362638,1.0121771563142052,-0.38786318921574897,141.84108300268804,0.9382126339235305,-0.2712975063127812,0.1591268618540198,0.2543199595461374,-10.0,9.321800858502499,-2.837181807269218e-06,0.027880812052399284,1.0753105531162674,-0.41368890205180975,-17.98338575122078,17.319260881376252,-0.029476069189989573,0.03649922861310867,7.0,7.0,7.0
0,115,27.226992677648923,43.56096941193391,-135.0,18.656026724281794,29.21326537321694,-132.37173719563714,144.44330093976734,1.0121741186708428,-0.36359941218711506,136.83471421789844,1.0024663685354536,-0.25610420368584824,0.15913703452861228,0.25431359427102507,-10.0,9.413173756140964,-3.03764336240242e-06,0.024263777028633915,-3.817126457749694,-1.442558277742883,4.28136628069683,-5.006368784789601,0.06425373461192307,0.01519330262693297,7.0,7.0,7.0
0,116,27.386139884591103,43.81527664051646,-145.0,25.718441246695157,39.065395520692014,-144.11102193027952,153.93108563530427,1.0121708840576602,-0.3423154280196611,151.5108246599474,0.9885782139579457,-0.31382451276687906,0.15914720694217976,0.2543072285825474,-10.0,9.48778469553693,-3.234613182634405e-06,0.021283984167453973,7.062414522413363,9.852130147475073,-11.739284734642382,14.676110442048952,-0.013888154577507916,-0.05772030908103082,7.0,7.0,7.0
0,117,27.54529726369674,44.06957750301126,-155.0,16.68978239237383,37.420506247856714,-158.27769474810157,163.4804913824256,1.0121674558857314,-0.3235102605565014,163.49517356461592,1.1512685045319015,-0.25331133995503885,0.1591573791056362,0.25430086249480155,-10.0,9.549405747121341,-3.4281719287765355e-06,0.01880516746315969,-9.028658854321328,-1.6448892728353002,-14.166672817822047,11.984348904668536,0.1626902905739559,0.06051317281184021,7.0,7.0,7.0
0,118,27.704464814708444,44.32387199900313,-165.0,37.75570546547468,49.21758527475646,-169.57585306068822,173.08131903718967,1.012163837487777,-0.3067859589591703,180.56531764636784,0.9164292831646074,-0.35068221669010113,0.15916755101170565,0.25429449599187137,-10.0,9.60082765476406,-3.618397954374686e-06,0.01672430159733107,21.065923073100855,11.797079026899745,-11.29815831258665,17.07014408175192,-0.23483922136729418,-0.09737087673506228,7.0,7.0,7.0
0,119,27.86364253737247,44.578160128090985,-175.0,24.9162534245482,22.917344317499357,-185.11258479395644,182.7254632935875,1.0121600321205253,-0.2918232298215857,188.1826065405165,0.7436336537026037,-0.1808790145219896,0.15917772266402608,0.25428812908785403,-10.0,9.644144256397823,-3.8053672517524006e-06,0.014962729137584618,-12.839452040926485,-26.300240957257103,-15.536731733268226,7.617288894148658,-0.17279562946200366,0.16980320216811154,7.0,7.0,7.0
0,120,28.022830431436887,44.83244188986828,-185.0,19.678939383027497,47.31128959227932,-197.9269447478543,192.40641068113476,1.0121560429667016,-0.27836343679650477,204.45218080359416,1.1766194643841603,-0.25332562592421154,0.15918789406441647,0.25428176177729256,-10.0,9.680947387547263,-3.989153823713565e-06,0.013459793025080935,-5.237314041520701,24.393945274779966,-12.81435995389785,16.269574263077658,0.4329858106815566,-0.07244661140222194,7.0,7.0,7.0
0,121,28.18202849664158,45.08671728392392,-195.0,32.70927739553271,26.054633593778306,-218.86836090026046,202.1188729575395,1.0121518731372852,-0.2661951849164006,222.8275121312685,0.6726348381955509,-0.18878904094816829,0.15919806520469137,0.2542753940556395,-10.0,9.71246227640475,-4.169829416422743e-06,0.012168251880104175,13.030338012505212,-21.256655998501017,-20.941416152406163,18.37533132767433,-0.5039846261886094,0.06453658497604325,7.0,7.0,7.0
0,122,28.341236732735524,45.34098630985682,-205.0,15.355499264612241,40.714973434804584,-212.75128823743054,211.8585158521875,1.0121475256733914,-0.255144226951439,217.15572998691192,1.210145347819286,-0.20174908617521853,0.15920823609394574,0.25426902593289924,-10.0,9.739642894648,-4.347463893772385e-06,0.011050957964961583,-17.353778130920468,14.660339841026278,6.117072662829912,-5.67178214435657,0.5375105096237351,-0.012960045227050243,7.0,7.0,7.0
0,123,28.500455139463156,45.59524896725361,-215.0,26.32120123315584,37.10353288943065,-225.73750938606858,221.62175586242068,1.0121430035482168,-0.24506579616421678,230.2757063414609,0.9537902644592721,-0.1988604609126948,0.1592184067276321,0.25426265739679366,-10.0,9.763240010233176,-4.5221251745442e-06,0.010078430787222231,10.965701968543598,-3.611440545373931,-12.986221148638037,13.119976354548982,-0.256355083360014,0.0028886252625237308,7.0,7.0,7.0
0,124,28.659683716568907,45.84950525571048,-225.0,17.863923272967174,35.09876898808262,-224.28414012135863,231.40560624783313,1.0121383096690653,-0.23583872693807775,227.71565350049715,1.1000052199645645,-0.1738234206366268,0.15922857710575045,0.2542562884568724,-10.0,9.78385038541245,-4.693879151584923e-06,0.009227069226139029,-8.457277960188666,-2.004763901348035,1.4533692647099485,-2.560052840963749,0.1462149555052924,0.025037040276067984,7.0,7.0,7.0
0,125,28.818922463801755,46.10375517482453,-235.0,11.898991791890815,41.805699184472424,-244.55988998763146,241.20755902996652,1.012133446879011,-0.22736090485273813,248.3925165554077,1.293503044524257,-0.17589520621561835,0.15923874723284825,0.25424991911404504,-10.0,9.801952782133384,-4.862790054183108e-06,0.00847782208533962,-5.964931481076359,6.706930196389806,-20.275749866272832,20.67686305491054,0.19349782455969256,-0.002071785578991542,7.0,7.0,7.0
0,126,28.978171380900676,46.35799872418147,-245.0,25.198483116541414,37.76130835701575,-244.42112275041282,251.0254936501312,1.0121284179587688,-0.21954571441163062,248.60121722706955,0.9823487560296802,-0.18363981280912772,0.15924891709892108,0.2542435493569428,-10.0,9.817934620164692,-5.028920242233781e-06,0.007815190441107511,13.2994913246506,-4.044390827456674,0.13876723721864437,0.2087006716618589,-0.3111542884945768,-0.007744606593509368,7.0,7.0,7.0
0,127,29.13743046761647,46.61223590338113,-255.0,26.333571863289862,46.22856961652172,-262.0499292022421,260.85760558237064,1.0121232256283017,-0.21231924220360376,267.3961537695872,1.0530007109929205,-0.20030291966854635,0.15925908671579236,0.25423717919966293,-10.0,9.832111932239428,-5.192330467140849e-06,0.007226472208026857,1.1350887467484476,8.467261259505968,-17.628806451829263,18.79493654251766,0.07065195496324028,-0.01666310685941863,7.0,7.0,7.0
0,128,29.296699723689926,46.86646671201197,-265.0,20.80325346158209,46.33426359654681,-273.51461499311284,270.70235003924176,1.0121178725485633,-0.20561805711588238,278.19037357976975,1.1487892366326111,-0.18360316587211603,0.15926925607345765,0.2542308086308367,-10.0,9.844744456871126,-5.353079738368294e-06,0.006701185087721384,-5.5303184017077704,0.10569398002509445,-11.46468579087076,10.79421981018254,0.09578852563969065,0.016699753796430322,7.0,7.0,7.0
0,129,29.45597914886821,47.120691149668346,-275.0,26.177204538510082,44.417128244673805,-279.65377382167117,280.5583972046479,1.0121123613230039,-0.19938743507343193,284.3665953160765,1.0382450150307183,-0.18231308221026235,0.15927942517828342,0.2542244376563758,-10.0,9.856047165406153,-5.511225559473587e-06,0.006230622042450451,5.373951076927991,-1.9171353518730072,-6.1391588285583225,6.176221736306729,-0.11054422160189281,0.0012900836618536804,7.0,7.0,7.0
0,130,29.61526874289939,47.374909215948264,-285.0,31.241122091233155,35.491627168500116,-292.81865961695667,290.42459635150306,1.012106694499176,-0.19357992899809343,296.611582256085,0.849006676490718,-0.16009280779492782,0.15928959403117915,0.2542180662799183,-10.0,9.866199146855138,-5.6668238279655725e-06,0.005807506075338503,5.063917552723073,-8.925501076173688,-13.1648857952855,12.244986940008516,-0.18923833854000027,0.02222027441533453,7.0,7.0,7.0
0,131,29.774568505523348,47.629120910436995,-295.0,35.37549072401494,37.11131136795975,-301.4806246383078,300.2999468671134,1.01210087457021,-0.18815420894913545,305.809159129871,0.8093403005688216,-0.168451077329608,0.1592997626239594,0.25421169448873115,-10.0,9.875350515610364,-5.819928965866694e-06,0.0054257200489579716,4.134368632781783,1.619684199459634,-8.661965021351136,9.197576873785977,-0.03966637592189648,-0.00835826953468019,7.0,7.0,7.0
0,132,29.933878436489067,47.883326232735726,-305.0,33.649905734700184,39.52217434813841,-306.83761770780603,310.1835746930535,1.0120949039762694,-0.18307411528472578,311.1971112683416,0.8654793948824959,-0.1675805230567661,0.1593099309657191,0.2542053222987306,-10.0,9.883627825940096,-5.970593940585189e-06,0.005080093664409674,-1.7255849893147541,2.4108629801786563,-5.35699306949823,5.3879521384706095,0.056139094313674365,0.0008705542728419113,7.0,7.0,7.0
0,133,30.09319853553916,48.13752518243018,-315.0,26.401907150974115,41.30722597764945,-316.583505486532,320.07471304179666,1.012088785105888,-0.1783078809619556,320.35677543220197,1.0020796102362937,-0.1536328810710514,0.1593200990500918,0.2541989496944552,-10.0,9.89113834874314,-6.118870381488506e-06,0.00476623432277018,-7.247998583726069,1.7850516295110452,-9.745887778725944,9.159664163860384,0.13660021535379774,0.013947641985714687,7.0,7.0,7.0
0,134,30.252528802420784,48.39171775912109,-325.0,29.93427857902418,47.1935478177777,-328.07044813222376,329.9726865160505,1.0120825202974473,-0.1738274890358702,332.79650077390176,1.005546202803092,-0.16872917977244314,0.159330266881625,0.25419257669091166,-10.0,9.897973474253831,-6.264808440681335e-06,0.004480391926085403,3.532371428050066,5.886321840128247,-11.486942645691784,12.439725341699784,0.0034665925667982656,-0.01509629870139173,7.0,7.0,7.0
0,135,30.411869236876555,48.645903962394186,-335.0,23.927725929368503,25.074998100273653,-350.81726662544213,339.8768979539494,1.0120761118403458,-0.16960813891854065,352.52524187698424,0.8088063032537488,-0.09847730986615928,0.15934043445577117,0.25418620327309327,-10.0,9.904211437898937,-6.408457101425569e-06,0.004219350117329546,-6.006552649655678,-22.118549717504045,-22.74681849321837,19.728741103082484,-0.19673989954934312,0.07025186990628386,7.0,7.0,7.0
0,136,30.571219838653633,48.900083791846555,-345.0,17.866444736573204,42.96316839159555,-338.2528453261637,349.7868174721182,1.0120695619763813,-0.16562780066239244,341.4381804324397,1.176697076498236,-0.13670195738511007,0.15935060177707783,0.2541798294523687,-10.0,9.90991951816875,-6.549863964533387e-06,0.003980338256148214,-6.061281192795299,17.8881702913219,12.564421299278422,-11.087061444544531,0.36789077324448727,-0.038224647518950786,7.0,7.0,7.0
0,137,30.73058060749736,49.15425724707484,-355.0,20.755382275679768,52.66647700182694,-359.36930001188676,359.70197329175926,1.0120628729009677,-0.1618668408973383,363.80054629456924,1.1953943094606994,-0.15623850713134527,0.15936076884372596,0.2541734552282833,-10.0,9.915155819641086,-6.689075413568446e-06,0.0037609597650541393,2.888937539106564,9.703308610231389,-21.116454685723056,22.362365862129536,0.018697232962463284,-0.0195365497462352,7.0,7.0,7.0
0,138,30.889951543150346,49.408424327666125,-365.0,31.72893206181165,38.66736787547587,-373.4697783287092,369.6219440196711,1.0120560467642594,-0.15830770741764766,376.8044131815545,0.8836433539752165,-0.13313797741422853,0.1593709356529871,0.25416708059128723,-10.0,9.919970727911846,-6.826136708326658e-06,0.0035591334796906404,10.973549786131883,-13.999109126351073,-14.100478316822432,13.003866886985236,-0.3117509554854828,0.023100529717116736,7.0,7.0,7.0
0,139,31.049332645361574,49.662585033219784,-375.0,22.74314400151856,44.64716208672195,-381.02208094243997,379.5463521230366,1.0120490856723758,-0.1549346620265571,384.3025446795521,1.0996591677343845,-0.1307541273422792,0.1593811022112277,0.2541607055536588,-10.0,9.924408103365522,-6.9610918835838476e-06,0.0033730453910905678,-8.985788060293093,5.97979421124608,-7.552302613730774,7.498131497997633,0.216015813759168,0.0023838500719493283,7.0,7.0,7.0
0,140,31.208723913870017,49.916739363322904,-385.0,27.835686464979844,37.53015051805684,-384.2454933535129,389.4748583888286,1.0120419916885395,-0.1517335532864,387.07613824849653,0.9326357407136022,-0.12101090561607783,0.15939126850844332,0.2541543301031197,-10.0,9.928506265791953,-7.0939838363592855e-06,0.0032011087401570826,5.092542463461285,-7.117011568665106,-3.2234124110729567,2.7735935689444204,-0.16702342702078232,0.009743221726201373,7.0,7.0,7.0
0,141,31.368125348425565,50.170887317572124,-395.0,23.892584292110858,45.1762399830297,-408.91841898780314,399.40715719940107,1.0120347668340577,-0.14869162242555442,412.09952879206793,1.0843164383756727,-0.12433203300884783,0.1594014345555479,0.25414795424921977,-10.0,9.93229881057249,-7.224854481790999e-06,0.0030419308608455875,-3.9431021728689863,7.64608946497286,-24.67292563429021,25.023390543571395,0.15168069766207048,-0.003321127392770004,7.0,7.0,7.0
0,142,31.52753694877265,50.42502889556272,-405.0,19.58513902344841,59.17815013242401,-410.2901832612757,409.3429724878327,1.0120274130895173,-0.14579733691982685,414.9983922911445,1.251190320361544,-0.15077561519610624,0.15941160034708446,0.25414157799059467,-10.0,9.935815288431627,-7.35374454041704e-06,0.0028942855057275674,-4.307445268662448,14.001910149394305,-1.371764273472536,2.898863499076583,0.16687388198587128,-0.02644358218725841,7.0,7.0,7.0
0,143,31.686958714654793,50.67916409688405,-415.0,29.310313288657582,51.637568987917945,-415.427111909875,419.28205426197667,1.0120199323957,-0.14304024727324083,419.6489226792332,1.0545289819854515,-0.14196657093807613,0.15942176588214352,0.2541352013213327,-10.0,9.939081774143972,-7.480693817285555e-06,0.002757089646586025,9.725174265209173,-7.5405811445060635,-5.136928648599337,4.650530388088669,-0.19666133837609245,0.008809044258030113,7.0,7.0,7.0
0,144,31.846390645818246,50.93329292113367,-425.0,18.229919286717767,44.013433363154505,-420.03435001200626,429.22417560635614,1.0120123266546515,-0.14041086332755295,422.7272968044785,1.178117447728585,-0.11293526117312924,0.15943193116345356,0.25412882424961936,-10.0,9.942121344379473,-7.605741048521963e-06,0.0026293839456878743,-11.080394001939815,-7.62413562476344,-4.607238102131248,3.0783741252453183,0.12358846574313342,0.02903130976494689,7.0,7.0,7.0
0,145,32.00583274200471,51.187415367900485,-435.0,37.12754659294275,40.370140985756294,-439.926140992561,439.16913008720815,1.0120045977305967,-0.1379005470758714,443.33194395151315,0.8272149482138578,-0.12403340553132199,0.1594420961864671,0.2541224467668144,-10.0,9.944954480852005,-7.728924054761777e-06,0.002510316251681549,18.897627306224983,-3.643292377398211,-19.89179098055473,20.604647147034655,-0.3509024995147272,-0.011098144358192744,7.0,7.0,7.0
0,146,32.165285002963174,51.441531436779314,-445.0,30.22666296743832,51.23960420591063,-454.79681712207656,449.11672949900566,1.011996747450838,-0.13550141947753921,458.6712254520628,1.0378303111146159,-0.1300687982020313,0.1594522609584601,0.25411606887882954,-10.0,9.947599411797512,-7.850279758692125e-06,0.0023991275983321902,-6.900883625504431,10.869463220154337,-14.870676129515573,15.339281500549646,0.2106153629007581,-0.006035392670709308,7.0,7.0,7.0
0,147,32.32474742843715,51.69564112736816,-455.0,27.307525701098882,55.13344310458814,-471.3918168781527,459.066801901294,1.0119887776068153,-0.13320627919403408,475.38998993265403,1.1109167822310841,-0.1297853356988475,0.1594624254739756,0.254109690588848,-10.0,9.950072402288356,-7.96984402273715e-06,0.002295140283505137,-2.919137266339437,3.893838898677508,-16.594999756076163,16.718764480591233,0.07308647111646827,0.0002834625031837845,7.0,7.0,7.0
0,148,32.48422001817016,51.94974443925321,-465.0,31.461429426123107,50.200914627862,-475.9895229381015,469.01918990324117,1.0119806899547807,-0.13100853151035605,479.6623597050849,1.0109680900904643,-0.12382989431296945,0.1594725897330136,0.2541033118850464,-10.0,9.952388001947156,-8.087652034527437e-06,0.0021977476836780308,4.153903725024225,-4.932528476726141,-4.597706059948791,4.272369772430864,-0.09994869214061985,0.0059554413858780575,7.0,7.0,7.0
0,149,32.643702771910284,52.20384137203473,-475.0,18.750003395734836,45.534931075938566,-475.3556053159002,478.9737491602827,1.011972486216815,-0.12890212598823775,477.899512534462,1.1801831636588225,-0.1032262559491198,0.15948275374012155,0.2540969327815219,-10.0,9.954559257041524,-8.203737965839508e-06,0.0021064055221182987,-12.711426030388271,-4.665983551923432,0.6339176222012952,-1.7628471706228765,0.1692150735683582,0.020603638363849652,7.0,7.0,7.0
0,150,32.8031956893974,52.45793192529982,-485.0,27.820024625820018,51.42276146225938,-481.95672382537384,488.93034705294815,1.0119641680815965,-0.12688150162882172,485.48999763854385,1.0748844798627601,-0.12071944896774975,0.15949291748711403,0.2540905532650868,-10.0,9.956597892665457,-8.318135218399192e-06,0.0020206243594160234,9.070021230085182,5.887830386320815,-6.601118509473622,7.590485104081836,-0.10529868379606233,-0.01749319301862995,7.0,7.0,7.0
0,151,32.962698770378665,52.7120160986442,-495.0,29.287023789952574,49.987162963152485,-491.28648969139766,498.8888615226947,1.0119557372051842,-0.12494153851390219,494.6906722153489,1.0408157677689014,-0.11738265229815185,0.15950308098126698,0.25408417334438127,-10.0,9.958514469746547,-8.430876412335309e-06,0.001939963114919535,1.466999164132556,-1.435598499106895,-9.32976586602382,9.200674576805056,-0.034068712093858755,0.003336796669597894,7.0,7.0,7.0
0,152,33.122212014602155,52.96609389166588,-505.0,24.525171359927374,52.72942338184027,-507.7581446417585,508.8491800434398,1.0119471952118309,-0.12307751505258384,511.07749859532663,1.1354452631909822,-0.1140338364875945,0.1595132442234899,0.2540777930216791,-10.0,9.96031852074509,-8.541993353317068e-06,0.001864023461318351,-4.7618524300252005,2.742260418687785,-16.471654950360858,16.38682637997772,0.09462949542208077,0.0033488158105573484,7.0,7.0,7.0
0,153,33.28173542180775,53.22016530395149,-515.0,31.67165979113738,40.39323954195672,-523.0218030728701,518.8111987107325,1.0119385436947526,-0.12128507009195864,525.5345034573996,0.9058363946138874,-0.09782681720740562,0.15952340720559732,0.2540714122856116,-10.0,9.962018667292682,-8.651517078295257e-06,0.0017924449606251946,7.146488431210006,-12.336183839883553,-15.263658431111537,14.457004862073006,-0.22960886857709473,0.01620701928018889,7.0,7.0,7.0
0,154,33.44126899174353,53.474230335100856,-525.0,18.24083427438652,37.28995796313457,-533.6787620549618,528.7748214331972,1.0119297842168522,-0.11956016926012276,535.2908462400926,1.1158565657974777,-0.07762882309265838,0.15953356993577472,0.2540650311493664,-10.0,9.96362272246472,-8.75947790035525e-06,0.0017249008318358794,-13.430825516750861,-3.1032815788221484,-10.656958982091737,9.756342782692968,0.2100201711835903,0.020197994114747236,7.0,7.0,7.0
0,155,33.60081272415209,53.72828898470016,-535.0,25.55398942470873,51.208193995814995,-550.8960985330267,538.7399592131134,1.0119209183113955,-0.11789907500136373,553.8608100296874,1.1079318296980696,-0.10351417218164993,0.15954373240856512,0.25405864959930113,-10.0,9.965137779916176,-8.865905456678647e-06,0.00166109425875903,7.31315515032221,13.918236032680426,-17.217336478064908,18.569963789594794,-0.007924736099408136,-0.025885349088991552,7.0,7.0,7.0
0,156,33.7603666187797,53.982341252351034,-545.0,25.760759143597653,45.069430597615444,-549.9558285837617,548.7065295049073,1.0119119474828309,-0.1162983198408963,552.4004740035074,1.0515365009328226,-0.09411442838462544,0.1595538946276065,0.2540522676508772,-10.0,9.966570291793914,-8.970828564658362e-06,0.0016007551604674403,0.20676971888892481,-6.138763398199551,0.9402699492650299,-1.4603360261800162,-0.056395328765247,0.00939974379702449,7.0,7.0,7.0
0,157,33.91993067536896,54.23638713763876,-555.0,24.583623156204776,57.20523079183875,-562.4384968693196,558.6744556418932,1.0119028732072963,-0.11475468248104087,565.8744169142598,1.1649140682194736,-0.11025454109971908,0.15956405658926087,0.25404588528772365,-10.0,9.967926136985966,-9.074275534537435e-06,0.0015436373598554237,-1.1771359873928766,12.135800194223307,-12.482668285557907,13.473942910752385,0.11337756728665105,-0.016140112715093635,7.0,7.0,7.0
0,158,34.079504893666126,54.490426640161786,-565.0,29.532558001374156,57.882334183231485,-571.87381217133,568.6436663229656,1.0118936969334298,-0.11326516638610676,575.553814721068,1.0990084681567387,-0.1131430187752521,0.15957421829716623,0.2540395025230282,-10.0,9.969210681072354,-9.176273866540186e-06,0.0014895160949341124,4.948934845169379,0.677103391392734,-9.435315302010395,9.679397806808197,-0.06590560006273494,-0.002888477675533019,7.0,7.0,7.0
0,159,34.23908927341745,54.744459759515394,-575.0,34.36097632102158,44.11397306996153,-575.365510338469,578.6140951520575,1.0118844200829202,-0.11182698055937824,578.0762837211003,0.9090458040254987,-0.09688106081207037,0.15958437975132256,0.2540331193536076,-10.0,9.97042882909193,-9.27685050955418e-06,0.0014381858267285136,4.828418319647426,-13.768361113269954,-3.4916981671390204,2.522469000032288,-0.18996266413123997,0.016261957963181722,7.0,7.0,7.0
0,160,34.39868381436372,54.99848649528758,-585.0,39.15094324510516,55.79656765821005,-592.9658644152664,588.5856802241564,1.011875044051169,-0.1104375222554774,596.8706473610198,0.9589484471936065,-0.11444857418044241,0.1595945409462729,0.25402673577218593,-10.0,9.971585072098833,-9.37603175121815e-06,0.0013894583039008451,4.789966924083579,11.68259458824852,-17.60035407679743,18.79436363991954,0.049902643168107774,-0.017567513368372034,7.0,7.0,7.0
0,161,34.558288516253924,55.252506847078166,-595.0,26.33600879173147,48.25187110021157,-601.9081684414609,598.5583637524908,1.0118655702078725,-0.10909436140505206,604.4131630435456,1.0711812054478986,-0.09107549636824219,0.1596047018902027,0.2540203517905866,-10.0,9.972683528334414,-9.473843296525786e-06,0.0013431608504253373,-12.814934453373692,-7.544696557998485,-8.942304026194506,7.5425156825258455,0.11223275825429213,0.023373077812200216,7.0,7.0,7.0
0,162,34.71790337882885,55.50652081447515,-605.0,42.39865815051141,43.036789546612574,-609.5025712960127,608.5320917321859,1.0118559998976322,-0.10779522655741619,612.4893434859862,0.7928671888069102,-0.09879692357133225,0.15961486257492652,0.2540139673969861,-10.0,9.973727979695127,-9.570310240292201e-06,0.0012991348476358716,16.06264935877994,-5.215081553598992,-7.594402854551731,8.076180442440545,-0.2783140166409884,-0.007721427203090062,7.0,7.0,7.0
0,163,34.87752840183384,55.76052839707336,-615.0,22.09550635507594,59.32885530617161,-627.5287451793522,618.5068136363103,1.0118463344405129,-0.10653799217181152,630.7142383832794,1.2142857300279284,-0.10054719949754891,0.15962502300499182,0.25400758259820577,-10.0,9.974721904124408,-9.66545711933442e-06,0.0012572343856046692,-20.30315179543547,16.292065759559037,-18.02617388333954,18.22489489729321,0.4214185412210182,-0.0017502759262166545,7.0,7.0,7.0
0,164,35.03716358501697,56.01452959447079,-625.0,29.866331054422062,41.94674776134498,-624.9782740233079,628.4824821407301,1.011836575132593,-0.1053206671089006,627.0959817919098,0.9520580892187802,-0.08220595849618346,0.15963518318312708,0.25400119739742877,-10.0,9.975668504419787,-9.759307919798843e-06,0.0012173250629109178,7.770824699346122,-17.38210754482663,2.5504711560442956,-3.6182565913695726,-0.2622276408091482,0.018341241001365444,7.0,7.0,7.0
0,165,35.196808928119026,56.26852440625453,-635.0,36.53127643853398,48.80125621851394,-627.1233303789887,638.459052874638,1.0118267232465237,-0.10414138419256266,630.0791761932526,0.9282094695479511,-0.09690099802974501,0.15964534310205636,0.25399481178374117,-10.0,9.97657073390792,-9.851886069389693e-06,0.0011792829163379398,6.664945384111917,6.854508457168961,-2.145056355680822,2.9831944013427574,-0.023848619670829074,-0.014695039533561549,7.0,7.0,7.0
0,166,35.35646443088717,56.522512832024404,-645.0,25.339639815128685,42.506023485394955,-663.3605376900239,648.436484194018,1.011816780032069,-0.10299839072793458,665.2037750515996,1.0332181778006064,-0.07446095674487678,0.1596555027681461,0.2539884257698759,-10.0,9.977431319380003,-9.943214454688487e-06,0.001142993464628081,-11.191636623405294,-6.295232733118986,-36.23720731103515,35.124598858346985,0.10500870825265529,0.022440041284868234,7.0,7.0,7.0
0,167,35.5161300930622,56.77649487136841,-655.0,28.912584380681242,56.88334248656978,-657.1693423521908,658.4147369756131,1.0118067467165857,-0.10189003987507018,660.2599463208603,1.1005478107391153,-0.09679407040646149,0.15966566217502987,0.25398203934400954,-10.0,9.978252781595074,-1.0033315483326533e-05,0.0011083508528643982,3.5729445655525573,14.377319001174826,6.191195337833051,-4.943828730739256,0.06732963293850891,-0.022333113661584705,7.0,7.0,7.0
0,168,35.675805914391276,57.030470523882286,-665.0,41.64913733192391,38.61087356770435,-669.6217108994856,668.3937744292781,1.0117966245055168,-0.10081478278977943,672.0258074703002,0.7475609680335978,-0.08461113709349102,0.1596758213290741,0.2539756525138728,-10.0,9.979037453665,-1.0122211068885889e-05,0.0010752570852907567,12.736552951242668,-18.272468918865428,-12.452368547294782,11.765861149439843,-0.3529868427055175,0.012182933312970462,7.0,7.0,7.0
0,169,35.835491894622464,57.28443978916357,-675.0,14.270411977540792,57.54381325916802,-677.968574867652,678.373561926825,1.0117864145828999,-0.09977116145323035,680.55589308336,1.327708328402424,-0.0872259499901391,0.1596859802311883,0.2539692652812846,-10.0,9.979787497546909,-1.020992261691056e-05,0.0010436213365490749,-27.378725354383118,18.932939691463666,-8.346863968166417,8.530085613059896,0.5801473603688262,-0.0026148128966480833,7.0,7.0,7.0
0,170,35.99518803349292,57.5384026667989,-685.0,35.50478100228441,54.41919794397454,-691.9030200599473,688.3540668456991,1.0117761181118885,-0.09875780212104558,694.9473560975403,0.9927139215583429,-0.09363624902177327,0.15969613887045853,0.2539628776353311,-10.0,9.98050491887409,-1.0296471011361774e-05,0.0010133593321847711,21.234369024743618,-3.1246153151934806,-13.934445192295243,14.391463014180204,-0.3349944068440811,-0.006410299031634162,7.0,7.0,7.0
0,171,36.15489433075163,57.79235915638901,-695.0,39.14198618519211,56.75438328749498,-702.8423265723469,698.3352584260148,1.0117657362351233,-0.09777340933051955,706.2156123497236,0.9670346685268995,-0.09777907614800409,0.15970629725870822,0.2539564895901094,-10.0,9.98119158031568,-1.0381876765164222e-05,0.0009843927905260341,3.6372051829076995,2.3351853435204433,-10.93930651239964,11.268256252183392,-0.025679253031443472,-0.004142827126230819,7.0,7.0,7.0
0,172,36.31461078614211,58.04630925752099,-705.0,29.510729231846405,55.20053080611087,-721.9955139808402,708.3171076396283,1.0117552700751808,-0.09681676041118506,724.7037352943128,1.0798459568024612,-0.0864792995275009,0.1597164553904804,0.25395010113197714,-10.0,9.981849213613486,-1.046615994249045e-05,0.0009566489193344879,-9.631256953345705,-1.5538524813841121,-19.153187408493295,18.488122944589122,0.11281128827556175,0.011299776620503188,7.0,7.0,7.0
0,173,36.474337399409706,58.3002529697942,-715.0,20.121864358731386,56.214634894476276,-723.6152452350714,718.2995870700943,1.0117447207351213,-0.09588670045032316,726.0743747979286,1.2270593215818217,-0.08232614886812312,0.15972661326759408,0.25394371227321244,-10.0,9.982479430466014,-1.0549340059506918e-05,0.0009300599608619009,-9.388864873115018,1.014104088365407,-1.6197312542311693,1.3706395036158483,0.14721336477936053,0.004153150659377783,7.0,7.0,7.0
0,174,36.63407417029612,58.55419029279665,-725.0,45.560454083854836,48.84640540692,-720.8779490922317,728.2826708024569,1.0117340892987974,-0.09498213766995167,723.9659824777173,0.8201903951598389,-0.09239562413996939,0.15973677088641125,0.25393732300244665,-10.0,9.983083732362616,-1.063143632396013e-05,0.0009045627803714873,25.43858972512345,-7.3682294875562775,2.737296142839682,-2.108392320211351,-0.4068689264219828,-0.010069475271846276,7.0,7.0,7.0
0,175,36.793821098548506,58.80812122612542,-735.0,42.4085348545439,48.69864976953937,-735.8071544151036,738.2663343219564,1.0117233768313152,-0.09410203917675884,738.635370671035,0.8543296005803402,-0.08753765879690238,0.1597469282523889,0.2539309333287747,-10.0,9.983663519499487,-1.0712467482187904e-05,0.0008800984931928296,-3.151919229310934,-0.14775563738062658,-14.929205322871894,14.669388193317786,0.034139205420501306,0.004857965343067011,7.0,7.0,7.0
0,176,36.953578183911304,59.06204576937671,-745.0,29.68919786346664,47.39467108174739,-740.7520784678496,748.2505544208159,1.0117125843794619,-0.09324542705029418,742.8602459892186,1.0111730844765758,-0.07535581283802047,0.15975708536279853,0.2539245432512871,-10.0,9.98422009885951,-1.0792451853314233e-05,0.0008566121264646648,-12.719336991077263,-1.3039786877919823,-4.944924052746046,4.2248753181835355,0.1568434838962356,0.012181845958881915,7.0,7.0,7.0
0,177,37.113345426126216,59.31596392213896,-755.0,16.097707604456176,52.7397676961394,-767.1309461918823,758.23530911237,1.0117017129720458,-0.09241137473851185,769.1102052970133,1.2745491971879996,-0.0717571557933684,0.15976724221491168,0.25391815276225316,-10.0,9.984754691554144,-1.0871407416068735e-05,0.000834052311782324,-13.591490259010463,5.345096614392013,-26.378867724032716,26.24995930779471,0.2633761127114238,0.003598657044652065,7.0,7.0,7.0
0,178,37.27312282494222,59.569875684011095,-765.0,35.545949044792856,48.23591255559962,-785.0262046198726,768.220577551872,1.0116907636202972,-0.09159900373291929,787.3095704317639,0.9357199097699667,-0.07617895268861553,0.15977739881600428,0.25391176187213205,-10.0,9.985268439501965,-1.0949351748612557e-05,0.0008123710055925604,19.44824144033668,-4.503855140539784,-17.895258427990257,18.199365134750565,-0.338829287418033,-0.004421796895247132,7.0,7.0,7.0
0,179,37.4329103800992,59.823781054581104,-775.0,26.547345888806994,48.57310370397665,-791.6998807891797,778.2063399633744,1.0116797373182775,-0.0908074804982898,793.6326664262117,1.070610227508867,-0.06980479454146113,0.1597875551569814,0.25390537057000984,-10.0,9.985762411502378,-1.1026302019656598e-05,0.0007915232346294987,-8.998603155985862,0.33719114837703046,-6.6736761693071,6.32309599444784,0.13489031773890026,0.0063741581471544045,7.0,7.0,7.0
0,180,37.5927080913425,60.077680033446086,-785.0,29.64274987490317,56.786102941401495,-803.478872472905,788.1925775721578,1.0116686350432194,-0.09003601363463429,806.0283199849421,1.0896984236497353,-0.07955682141992731,0.1597977112433,0.2538989788649815,-10.0,9.986237608783426,-1.1102275058183508e-05,0.0007714668636555067,3.0954039860961764,8.212999237424846,-11.77899168372528,12.395653558730373,0.01908819614086843,-0.009752026878466186,7.0,7.0,7.0
0,181,37.75251595841837,60.33157262020222,-795.0,28.410114458780882,51.042850448080046,-801.578588897689,798.1792725422137,1.0116574577558601,-0.08928385125111055,803.7043868019114,1.0629050903257662,-0.0727484237579026,0.15980786707586958,0.25389258675613746,-10.0,9.98669497005585,-1.1177287359220855e-05,0.0007521623835237412,-1.2326354161222888,-5.7432524933214495,1.900283575216008,-2.3239331830307037,-0.02679333332396916,0.0068083976620247205,7.0,7.0,7.0
0,182,37.912333981068514,60.585458814437516,-805.0,34.38563849529127,48.50914936359584,-809.6100103722811,808.1664079183495,1.0116462064007992,-0.08855027853369611,811.7905386253979,0.9541564152988252,-0.07331133437473884,0.15981802265014267,0.25388619423529235,-10.0,9.987135376135825,-1.1251355060970525e-05,0.0007335727174144352,5.975524036510386,-2.533701084484207,-8.031421474592094,8.086151823486489,-0.10874867502694097,-0.0005629106168362485,7.0,7.0,7.0
0,183,38.072162159041,60.83933861575224,-815.0,42.10001926164925,63.29529533823814,-813.0392978201826,818.1539675725263,1.0116348819068566,-0.08783461549020376,816.585332854884,0.9838537294596243,-0.09322727873405943,0.15982817797248572,0.2538798013147243,-10.0,9.987559654176835,-1.1324493942588276e-05,0.0007156630434923539,7.7143807663579835,14.786145974642302,-3.4292874479015154,4.794794229486115,0.029697314160799126,-0.019915944359320592,7.0,7.0,7.0
0,184,38.2320004920748,61.09321202373303,-825.0,31.992205924224947,62.472624381164984,-838.5899612255535,828.1419361540646,1.0116234851873944,-0.08713621485765287,841.5221049415419,1.0975159586136658,-0.08350280087896275,0.1598383330338038,0.25387340798079094,-10.0,9.987968581538325,-1.139671946215337e-05,0.0006984006325508885,-10.107813337424304,-0.8226709570731572,-25.55066340537087,24.936772086657925,0.11366222915404145,0.009724477855096683,7.0,7.0,7.0
0,185,38.391848979917995,61.34707903797789,-835.0,30.37200012113346,45.74088973098026,-836.4193785227393,838.1302990434057,1.0116120171406058,-0.08645446015866565,838.2195799151349,0.9846414013608086,-0.06555025725880209,0.15984848784319183,0.2538670142448609,-10.0,9.988362889341033,-1.1468046788642994e-05,0.000681754698987222,-1.620205803091487,-16.731734650184727,2.1705827028141584,-3.302525026407011,-0.11287455725285722,0.01795254362016066,7.0,7.0,7.0
0,186,38.55170762231501,61.60093965808301,-845.0,34.767805244970354,64.14748799216767,-847.8313574179798,848.1190423091297,1.0116004786498807,-0.08578876389454235,850.9651644564963,1.0741174967913405,-0.08584768776736673,0.15985864239701186,0.25386062010511523,-10.0,9.988743265723997,-1.1538490725104822e-05,0.0006656962641233,4.395805123836894,18.406598261187412,-11.411978895240509,12.745584541361382,0.08947609543053192,-0.02029743050856464,7.0,7.0,7.0
0,187,38.71157641900754,61.85479388363592,-855.0,20.260527391862407,62.62117888277292,-854.2732302548643,858.1081526679675,1.0115888705840506,-0.08513856586400963,856.8049095009582,1.2578844850698476,-0.07689274423756931,0.1598687966925354,0.2538542255529137,-10.0,9.98911035883782,-1.1608065830115422e-05,0.0006501980305327199,-14.507277853107947,-1.5263091093947523,-6.4418728368844995,5.839745044461893,0.18376698827850713,0.008954943529797421,7.0,7.0,7.0
0,188,38.87145536974185,62.108641714237365,-865.0,34.002114847572884,60.906558335881584,-876.8501197601583,868.097617447571,1.0115771937977598,-0.08450333159759055,879.6203073973644,1.0616283393326305,-0.0793845542335946,0.1598789507343099,0.253847830601444,-10.0,9.989464779603509,-1.1676786290770735e-05,0.0006352342664190797,13.741587455710476,-1.7146205468913323,-22.576889505294048,22.81539789640624,-0.19625614573721717,-0.0024918099960252876,7.0,7.0,7.0
0,189,39.03134447426146,62.36248314947488,-875.0,29.445418334972643,57.52552787853467,-876.5652747876188,878.0874245518136,1.0115654491316486,-0.0838825508983492,878.944196170678,1.0977002646659266,-0.07359060850465884,0.15988910451960692,0.25384143523751845,-10.0,9.989807104242573,-1.1744666111201951e-05,0.0006207806992413467,-4.55669651260024,-3.3810304573469168,0.2848449725395312,-0.6761112266864302,0.03607192533329617,0.005793945728935754,7.0,7.0,7.0
0,190,39.191243732309886,62.616318188945115,-885.0,28.67783077612417,63.06265275080271,-878.003983794741,888.0775624284314,1.0115536374127665,-0.0832757364807835,880.7328265197273,1.1439981509778374,-0.07873980897877847,0.15989925804842642,0.253835039470232,-10.0,9.990137876617837,-1.1811718882093203e-05,0.0006068144175657014,-0.7675875588484722,5.537124872268045,-1.4387090071221564,1.7886303490492992,0.046297886311910785,-0.005149200474119625,7.0,7.0,7.0
0,191,39.35115314363338,62.87014683224379,-895.0,30.52715238897001,61.969522478983144,-892.5387427549716,898.0680200388173,1.0115417594547438,-0.08268242270017832,895.2080965160436,1.1130736839491238,-0.0772438725576194,0.1599094113234969,0.25382864329867516,-10.0,9.990457610385874,-1.1877958022710189e-05,0.0005933137806051758,1.8493216128458378,-1.0931302718195681,-14.534758960230647,14.475269996316342,-0.030924467028713654,0.0014959364211590692,7.0,7.0,7.0
0,192,39.511072707972744,63.12396907896118,-905.0,30.712625122362752,59.04026284393311,-913.4128501566876,908.0587868298045,1.011529816058123,-0.08210216436551548,915.8340749338555,1.0911212113865485,-0.07273105378716904,0.1599195643393614,0.25382224671739095,-10.0,9.990766790987209,-1.1943396620806013e-05,0.0005802583346628393,0.18547273339274284,-2.9292596350500375,-20.874107401715946,20.625978417811893,-0.021952472562575265,0.004512818770450358,7.0,7.0,7.0
0,193,39.67100242507695,63.377784928695746,-915.0,21.67185482028994,54.965434808116065,-923.3400500160604,918.0498527072908,1.011517808010564,-0.08153453562963504,925.2284670710569,1.1952293794484925,-0.06390183897523886,0.15992971710420534,0.25381584973456484,-10.0,9.991065877486335,-1.2008047558964563e-05,0.0005676287358804405,-9.040770302072811,-4.074828035817042,-9.927199859372877,9.394392137201407,0.104108168061944,0.008829214811930178,7.0,7.0,7.0
0,194,39.830942294684064,63.63159438103503,-925.0,44.46331455598467,62.39846019548877,-917.4705691379876,928.0412080115597,1.011505736087181,-0.08097912895077639,920.6643250449401,0.9516833787846738,-0.08331838185275715,0.15993986960711482,0.25380945233928287,-10.0,9.991355304268836,-1.2071923382928063e-05,0.0005554066788586581,22.791459735694726,7.433025387372702,5.869480878072864,-4.56414202611677,-0.2435460006638187,-0.01941654287751829,7.0,7.0,7.0
0,195,39.99089231654398,63.88539743558067,-935.0,38.58434669379351,65.19761922534036,-940.0009519566009,938.0328434941794,1.011493601050714,-0.08043555412031149,943.0489229312312,1.036423561666813,-0.08042116134845857,0.15995002185991325,0.2538030545456422,-10.0,9.9916354826197,-1.21350364670203e-05,0.0005435748304648963,-5.878967862191153,2.7991590298515945,-22.53038281861336,22.38459788629109,0.08474018288213914,0.002897220504298581,7.0,7.0,7.0
0,196,40.150852490395664,64.1391940919184,-945.0,31.388916780447033,48.83598348663254,-953.4482206321114,948.024750296355,1.0114814036518172,-0.07990343735167205,955.2139691222569,0.9995406272598776,-0.06081294150109033,0.1599601738516867,0.25379665633772674,-10.0,9.991906802175663,-1.2197398896907075e-05,0.0005321167686394429,-7.19542991334648,-16.361635738707818,-13.447268675510486,12.16504619102568,-0.03688293440693535,0.01960821984736824,7.0,7.0,7.0
0,197,40.310822815987194,64.39298434964667,-955.0,48.95508626112253,59.74378601440673,-964.0049027427875,958.0169199286387,1.0114691446292743,-0.07938242042617064,967.0942937223342,0.8843272537715345,-0.07995262101688848,0.15997032559153013,0.25379025772826935,-10.0,9.992169632283662,-1.2259022542870923e-05,0.0005210169255014108,17.566169480675498,10.907802527774187,-10.556682110676093,11.880324600077302,-0.11521337348834304,-0.019139679515798147,7.0,7.0,7.0
0,198,40.47080329306118,64.64676820836166,-965.0,28.55158457527407,47.333572631883996,-962.5978966564387,968.0093442518886,1.0114568247102909,-0.07887215989149082,964.1837847253275,1.0280276162979758,-0.05736287333436818,0.15998047707398655,0.2537838587149963,-10.0,9.992424323249907,-1.2319918983427769e-05,0.0005102605346798128,-20.40350168584846,-12.410213382522734,1.4070060863488152,-2.910508997006673,0.14370036252644125,0.022589747682520298,7.0,7.0,7.0
0,199,40.63079392136024,64.90054566765093,-975.0,43.90655916536434,53.898884483835914,-974.2683506758802,978.0020154593951,1.011444444610615,-0.07837232630916975,976.7454606063155,0.8872102430765744,-0.07123423487868191,0.15999062829905597,0.2537774592892674,-10.0,9.992671207506532,-1.2380099675857181e-05,0.0004998335823210714,15.354974590090272,6.565311851951918,-11.670454019441536,12.561675880987991,-0.14081737322140142,-0.013871361544313732,7.0,7.0,7.0
0,200,40.79079470063152,65.15431672711566,-985.0,36.12268296301923,61.365180905982136,-997.1736202446734,987.9949260600919,1.011432005034865,-0.07788260354762423,999.7128400515514,1.0387633799318066,-0.07128850020945612,0.16000077927128586,0.2537710594647251,-10.0,9.992910600696746,-1.2439575749922938e-05,0.0004897227615455191,-7.7838762023451125,7.466296422146222,-22.905269568793187,22.967379445235906,0.1515531368552322,-5.426533077421136e-05,7.0,7.0,7.0
